,cell line,test,material,source,organism,cell type,morphology,tissue,disease,time (hr),concentration (ug/ml),Hydrodynamic diameter (nm),Zeta potential (mV),mcd,electronegativity,rox,radii,Valance_electron,amw,lipinskiHBA,lipinskiHBD,NumRotatableBonds,CrippenClogP,chi0v,chi1v,chi2v,hallKierAlpha,kappa1,norm_v,canc_v,Fitness
0,SKOV-3,CytoTox-Glo,Ag,original,Human,Human,epithelial,ovary,Adenocarcinoma,20,31.6,83.0,-17.015,0.0,1.93,0.7996,1.6,11,107.868,0,0,0,-0.0025,1.78376517,0.0,0.0,0.74025974,1.74025974,52.97638078916077,29.39030300771251,23.58607778144826
1,SKOV-3,CellTiterGlo,Au,original,Human,Human,epithelial,ovary,Adenocarcinoma,20,72.0,134.645,-25.2,0.0,2.54,1.692,1.35,11,196.967,0,0,0,-0.0025,2.46797672,0.0,0.0,0.74025974,1.74025974,55.87561134525153,34.64212618133409,21.233485163917436
2,SKOV-3,WST-1,Au,original,Human,Human,epithelial,ovary,Adenocarcinoma,24,15.6,214.25,-4.115,0.0,2.54,1.692,1.35,11,196.967,0,0,0,-0.0025,2.46797672,0.0,0.0,0.74025974,1.74025974,95.00969354226588,76.63560624222788,18.374087300038
3,SKOV-3,WST-1,Ca(HCO3)2,original,Human,Human,epithelial,ovary,Adenocarcinoma,12,13.0,39.2,26.4,2.193,2.678333,-2.866,1.8,48,162.11,6,2,0,-2.6054,6.4428963,1.263710176,0.0,-0.20025974,15.91523464,92.08385989971673,74.49408894453096,17.58977095518577
4,SKOV-3,CVS,NiO,original,Human,Human,epithelial,ovary,Adenocarcinoma,12,9.45,42.25,48.5,2.702702703,2.675,-0.25,1.35,16,74.692,1,0,0,-0.1213,1.712088772,0.532290647,0.0,0.293506494,2.293506494,98.16667015197251,81.4468169131133,16.719853238859216
5,SKOV-3,CytoTox-Glo,Ag,original,Human,Human,epithelial,ovary,Adenocarcinoma,20,75.0,165.3,-25.2,0.0,1.93,0.7996,1.6,11,107.868,0,0,0,-0.0025,1.78376517,0.0,0.0,0.74025974,1.74025974,55.735020552174895,42.539185402784376,13.195835149390518
6,SKOV-3,CytoTox-Glo,Au,original,Human,Human,epithelial,ovary,Adenocarcinoma,72,31.6,47.0,-23.05,0.0,2.54,1.692,1.35,11,196.967,0,0,0,-0.0025,2.46797672,0.0,0.0,0.74025974,1.74025974,51.39693978175024,41.12405684043921,10.272882941311032
7,SKOV-3,CellTiterGlo,Fe3O4,original,Human,Human,epithelial,ovary,Adenocarcinoma,20,32.0,42.3,-7.28,2.93255132,2.75,-0.239,1.4,48,231.531,4,0,2,-0.4323,6.006207083,2.975595179,0.708333333,0.918441558,10.82035581,95.07941248817434,86.15295019244645,8.926462295727887
