,cell line,test,material,source,organism,cell type,morphology,tissue,disease,time (hr),concentration (ug/ml),Hydrodynamic diameter (nm),Zeta potential (mV),mcd,electronegativity,rox,radii,Valance_electron,amw,lipinskiHBA,lipinskiHBD,NumRotatableBonds,CrippenClogP,chi0v,chi1v,chi2v,hallKierAlpha,kappa1,norm_v,canc_v,Fitness
0,SKOV-3,Live/Dead,ZnO,original,Human,Human,epithelial,ovary,Adenocarcinoma,24,6.25,42.25,-17.1,2.272727273,2.545,-0.7618,1.35,8,81.389,1,0,0,-0.1213,4.082482905,1.5,0.0,0.423376623,2.423376623,85.630971204967,50.674979133862095,34.9559920711049
1,SKOV-3,NRU,Ag,original,Human,Human,epithelial,ovary,Adenocarcinoma,24,6.25,42.25,-26.23,0.0,1.93,0.7996,1.6,11,107.868,0,0,0,-0.0025,1.78376517,0.0,0.0,0.74025974,1.74025974,99.15642893239186,68.04026377431047,31.116165158081387
2,SKOV-3,AlamarBlue,Au,original,Human,Human,epithelial,ovary,Adenocarcinoma,24,31.6,47.3,-5.95,0.0,2.54,1.692,1.35,11,196.967,0,0,0,-0.0025,2.46797672,0.0,0.0,0.74025974,1.74025974,59.12614315172976,31.52565248707529,27.600490664654465
3,SKOV-3,AlamarBlue,Ag,original,Human,Human,epithelial,ovary,Adenocarcinoma,6,31.6,47.3,-29.01,0.0,1.93,0.7996,1.6,11,107.868,0,0,0,-0.0025,1.78376517,0.0,0.0,0.74025974,1.74025974,78.23646297181041,53.20594226903356,25.030520702776855
4,SKOV-3,XTT,Au,original,Human,Human,epithelial,ovary,Adenocarcinoma,72,7.5,39.94,45.12,0.0,2.54,1.692,1.35,11,196.967,0,0,0,-0.0025,2.46797672,0.0,0.0,0.74025974,1.74025974,87.28846714580168,66.0233650149452,21.265102130856476
5,SKOV-3,WST-1,Bi2O3,original,Human,Human,epithelial,ovary,Adenocarcinoma,6,5.62,194.2,-3.85,2.564102564,2.872,0.308,1.6,28,465.957,3,0,2,-1.0676,9.07331162,6.408327915,5.133333333,1.326233766,6.326233766,97.38994226384519,82.25261606613908,15.137326197706102
6,SKOV-3,MTT,Ag,original,Human,Human,epithelial,ovary,Adenocarcinoma,9,360.0,550.15,-17.6,0.0,1.93,0.7996,1.6,11,107.868,0,0,0,-0.0025,1.78376517,0.0,0.0,0.74025974,1.74025974,53.53851669040504,40.38679695544835,13.151719734956693
7,SKOV-3,MTS,C,original,Human,Human,epithelial,ovary,Adenocarcinoma,96,5.62,165.25,-18.745,0.0,2.55,0.0,0.7,4,12.011,0,0,0,0.08129,0.5,0.0,0.0,0.0,0.0,84.74918787368348,79.28773369482424,5.461454178859242
8,SKOV-3,MTS,SiO2,original,Human,Human,epithelial,ovary,Adenocarcinoma,72,144.0,43.8,45.12,7.407407407,2.926666667,-1.2,1.1,16,60.084,2,0,0,-0.6184,2.316496581,1.224744871,0.0,-0.183116883,2.816883117,66.21023232349957,60.98305520161976,5.227177121879805
9,SKOV-3,CellTiterGlo,Al2O3,original,Human,Human,epithelial,ovary,Adenocarcinoma,72,6.8,100.33,-21.77,4.444444444,2.708,-1.663,1.25,24,101.961,3,0,0,-1.118,4.688846487,0.0,0.0,0.944935065,162.8037375,75.72525284514506,74.18584547356744,1.5394073715776244
