,cell line,test,material,source,organism,cell type,morphology,tissue,disease,time (hr),concentration (ug/ml),Hydrodynamic diameter (nm),Zeta potential (mV),mcd,electronegativity,rox,radii,Valance_electron,amw,lipinskiHBA,lipinskiHBD,NumRotatableBonds,CrippenClogP,chi0v,chi1v,chi2v,hallKierAlpha,kappa1,norm_v,canc_v,Fitness
0,SKOV-3,CytoTox-Glo,ZnO,original,Human,Human,epithelial,ovary,Adenocarcinoma,24,6.25,42.25,-17.1,2.272727273,2.545,-0.7618,1.35,8,81.389,1,0,0,-0.1213,4.082482905,1.5,0.0,0.423376623,2.423376623,84.08437108400372,52.044403252953046,32.039967831050674
1,SKOV-3,CellTiterBlue,Ag,original,Human,Human,epithelial,ovary,Adenocarcinoma,24,5.46,150.0,-25.3,0.0,1.93,0.7996,1.6,11,107.868,0,0,0,-0.0025,1.78376517,0.0,0.0,0.74025974,1.74025974,98.26649396863851,72.93435779376144,25.33213617487708
2,SKOV-3,CytoTox-Glo,Au,original,Human,Human,epithelial,ovary,Adenocarcinoma,24,7.8,15.84,-5.95,0.0,2.54,1.692,1.35,11,196.967,0,0,0,-0.0025,2.46797672,0.0,0.0,0.74025974,1.74025974,107.44663635856394,84.56373475241409,22.882901606149844
3,SKOV-3,CellTiterGlo,ZnO,original,Human,Human,epithelial,ovary,Adenocarcinoma,20,7.8,47.3,-5.95,2.272727273,2.545,-0.7618,1.35,8,81.389,1,0,0,-0.1213,4.082482905,1.5,0.0,0.423376623,2.423376623,90.65286323936135,69.24443270237751,21.408430536983843
4,SKOV-3,CellTiterBlue,Pt,original,Human,Human,epithelial,ovary,Adenocarcinoma,2,6.0,61.46,18.2,0.0,2.28,1.188,1.35,10,195.078,0,0,0,-0.0025,2.588435821,0.0,0.0,0.688311688,1.688311688,96.84532304806636,78.47633614034689,18.368986907719474
5,SKOV-3,MTS,Pt,original,Human,Human,epithelial,ovary,Adenocarcinoma,72,5.91,57.0,-28.4,0.0,2.28,1.188,1.35,10,195.078,0,0,0,-0.0025,2.588435821,0.0,0.0,0.688311688,1.688311688,94.83768891941142,76.83221670492156,18.005472214489856
6,SKOV-3,CCK-8,TiO2,original,Human,Human,epithelial,ovary,Adenocarcinoma,9,31.2,61.46,-36.45,5.369127517,2.806666667,-0.93,1.4,16,79.865,2,0,0,-0.2401,2.878049394,1.683250823,0.0,0.314285714,3.314285714,81.67181333329157,69.7607623114931,11.911051021798471
7,SKOV-3,NRU,SiO2,original,Human,Human,epithelial,ovary,Adenocarcinoma,12,5.62,59.72,51.55,7.407407407,2.926666667,-1.2,1.1,16,60.084,2,0,0,-0.6184,2.316496581,1.224744871,0.0,-0.183116883,2.816883117,102.01423916259141,97.52886552306185,4.485373639529556
