,cell line,test,material,source,organism,cell type,morphology,tissue,disease,time (hr),concentration (ug/ml),Hydrodynamic diameter (nm),Zeta potential (mV),mcd,electronegativity,rox,radii,Valance_electron,amw,lipinskiHBA,lipinskiHBD,NumRotatableBonds,CrippenClogP,chi0v,chi1v,chi2v,hallKierAlpha,kappa1,norm_v,canc_v,Fitness
0,SKOV-3,AlamarBlue,ZnO,original,Human,Human,epithelial,ovary,Adenocarcinoma,24,15.625,42.25,-13.0,2.272727273,2.545,-0.7618,1.35,8,81.389,1,0,0,-0.1213,4.082482905,1.5,0.0,0.423376623,2.423376623,82.1941860008876,46.61060621546034,35.583579785427254
1,SKOV-3,MTT,ZnO,original,Human,Human,epithelial,ovary,Adenocarcinoma,24,5.81,141.0,15.13,2.272727273,2.545,-0.7618,1.35,8,81.389,1,0,0,-0.1213,4.082482905,1.5,0.0,0.423376623,2.423376623,90.60810378607333,58.57176309950548,32.03634068656785
2,SKOV-3,AlamarBlue,Au,original,Human,Human,epithelial,ovary,Adenocarcinoma,24,5.81,33.69,15.13,0.0,2.54,1.692,1.35,11,196.967,0,0,0,-0.0025,2.46797672,0.0,0.0,0.74025974,1.74025974,90.91610993296555,62.5954053642218,28.320704568743757
3,SKOV-3,CCK-8,Ag,original,Human,Human,epithelial,ovary,Adenocarcinoma,24,72.0,33.69,7.36,0.0,1.93,0.7996,1.6,11,107.868,0,0,0,-0.0025,1.78376517,0.0,0.0,0.74025974,1.74025974,60.50003808651724,36.96528413494031,23.53475395157693
4,SKOV-3,MTT,ZnO,original,Human,Human,epithelial,ovary,Adenocarcinoma,6,7.5,53.7,35.9,2.272727273,2.545,-0.7618,1.35,8,81.389,1,0,0,-0.1213,4.082482905,1.5,0.0,0.423376623,2.423376623,86.66017502493243,63.33383204311865,23.32634298181378
5,SKOV-3,AlamarBlue,ZnO,original,Human,Human,epithelial,ovary,Adenocarcinoma,24,240.0,20.0,10.08,2.272727273,2.545,-0.7618,1.35,8,81.389,1,0,0,-0.1213,4.082482905,1.5,0.0,0.423376623,2.423376623,63.232593540871164,42.40269058258395,20.829902958287214
6,SKOV-3,AlamarBlue,ZnO,original,Human,Human,epithelial,ovary,Adenocarcinoma,24,240.0,20.0,10.08,2.272727273,2.545,-0.7618,1.35,8,81.389,1,0,0,-0.1213,4.082482905,1.5,0.0,0.423376623,2.423376623,63.232593540871164,42.40269058258395,20.829902958287214
7,SKOV-3,LDH,Au,original,Human,Human,epithelial,ovary,Adenocarcinoma,2,7.5,40.44,6.53,0.0,2.54,1.692,1.35,11,196.967,0,0,0,-0.0025,2.46797672,0.0,0.0,0.74025974,1.74025974,98.40686300235583,80.56563917953156,17.841223822824276
8,SKOV-3,MTT,Ag,original,Human,Human,epithelial,ovary,Adenocarcinoma,2,15.0,82.73,44.6,0.0,1.93,0.7996,1.6,11,107.868,0,0,0,-0.0025,1.78376517,0.0,0.0,0.74025974,1.74025974,92.5480702032557,76.8341596275125,15.7139105757432
9,SKOV-3,MTS,C,original,Human,Human,epithelial,ovary,Adenocarcinoma,72,5.81,61.06,-25.12,0.0,2.55,0.0,0.7,4,12.011,0,0,0,0.08129,0.5,0.0,0.0,0.0,0.0,100.3838814262499,88.94937482438893,11.434506601860974
10,SKOV-3,NRU,C,original,Human,Human,epithelial,ovary,Adenocarcinoma,2,31.6,17.2,21.6,0.0,2.55,0.0,0.7,4,12.011,0,0,0,0.08129,0.5,0.0,0.0,0.0,0.0,102.52879111548272,94.0007289442041,8.52806217127862
11,SKOV-3,CytoTox-Glo,Co3O4,original,Human,Human,epithelial,ovary,Adenocarcinoma,6,13.0,165.3,-24.75,3.058103976,2.771428571,-0.34,1.35,51,240.795,4,0,0,-0.4827,5.756098787,0.0,0.0,1.359480519,244.978309,91.27088441880821,85.18525052962245,6.0856338891857575
12,SKOV-3,CytoTox-Glo,SiO2,original,Human,Human,epithelial,ovary,Adenocarcinoma,20,250.0,24.59,-13.665,7.407407407,2.926666667,-1.2,1.1,16,60.084,2,0,0,-0.6184,2.316496581,1.224744871,0.0,-0.183116883,2.816883117,85.36742016344326,79.75987677048097,5.607543392962285
13,SKOV-3,CVS,ZnO,original,Human,Human,epithelial,ovary,Adenocarcinoma,96,18.0,239.0,12.55,2.272727273,2.545,-0.7618,1.35,8,81.389,1,0,0,-0.1213,4.082482905,1.5,0.0,0.423376623,2.423376623,74.76293687133108,72.46790598423341,2.295030887097667
