,cell line,test,material,source,organism,cell type,morphology,tissue,disease,time (hr),concentration (ug/ml),Hydrodynamic diameter (nm),Zeta potential (mV),mcd,electronegativity,rox,radii,Valance_electron,amw,lipinskiHBA,lipinskiHBD,NumRotatableBonds,CrippenClogP,chi0v,chi1v,chi2v,hallKierAlpha,kappa1,norm_v,canc_v,Fitness
0,SKOV-3,CytoTox-Glo,Ag,original,Human,Human,epithelial,ovary,Adenocarcinoma,24,62.5,42.25,71.7,0.0,1.93,0.7996,1.6,11,107.868,0,0,0,-0.0025,1.78376517,0.0,0.0,0.74025974,1.74025974,74.81880102886244,48.90472161952948,25.914079409332956
1,SKOV-3,MTS,Ag,original,Human,Human,epithelial,ovary,Adenocarcinoma,9,31.25,94.5,-57.5,0.0,1.93,0.7996,1.6,11,107.868,0,0,0,-0.0025,1.78376517,0.0,0.0,0.74025974,1.74025974,66.6233906179036,42.921242760280855,23.70214785762274
2,SKOV-3,NRU,Au,original,Human,Human,epithelial,ovary,Adenocarcinoma,9,50.0,134.645,-10.75,0.0,2.54,1.692,1.35,11,196.967,0,0,0,-0.0025,2.46797672,0.0,0.0,0.74025974,1.74025974,79.92217011746094,56.71104012577154,23.211129991689397
3,SKOV-3,NRU,Ag,original,Human,Human,epithelial,ovary,Adenocarcinoma,9,32.0,24.6,-29.5,0.0,1.93,0.7996,1.6,11,107.868,0,0,0,-0.0025,1.78376517,0.0,0.0,0.74025974,1.74025974,95.7377051578095,75.91356678843589,19.824138369373614
4,SKOV-3,CytoTox-Glo,Ag,original,Human,Human,epithelial,ovary,Adenocarcinoma,24,62.5,307.6,71.7,0.0,1.93,0.7996,1.6,11,107.868,0,0,0,-0.0025,1.78376517,0.0,0.0,0.74025974,1.74025974,50.78538182400128,32.85191885057147,17.933462973429805
5,SKOV-3,NRU,Ag,original,Human,Human,epithelial,ovary,Adenocarcinoma,9,9.45,24.6,-29.5,0.0,1.93,0.7996,1.6,11,107.868,0,0,0,-0.0025,1.78376517,0.0,0.0,0.74025974,1.74025974,98.31079577773079,81.76236803677733,16.548427740953457
6,SKOV-3,LDH,ZnO,original,Human,Human,epithelial,ovary,Adenocarcinoma,12,10.93,34.64,-22.0,2.272727273,2.545,-0.7618,1.35,8,81.389,1,0,0,-0.1213,4.082482905,1.5,0.0,0.423376623,2.423376623,94.86430305284773,79.16797718936228,15.696325863485455
7,SKOV-3,XTT,Ca(HCO3)2,original,Human,Human,epithelial,ovary,Adenocarcinoma,24,6.25,14.3,51.55,2.193,2.678333,-2.866,1.8,48,162.11,6,2,0,-2.6054,6.4428963,1.263710176,0.0,-0.20025974,15.91523464,84.9398134791882,70.29286516269302,14.646948316495184
8,SKOV-3,MTS,ZnO,original,Human,Human,epithelial,ovary,Adenocarcinoma,2,16.0,307.6,20.55,2.272727273,2.545,-0.7618,1.35,8,81.389,1,0,0,-0.1213,4.082482905,1.5,0.0,0.423376623,2.423376623,99.40658224273761,86.93737333217301,12.469208910564603
