,cell line,test,material,source,organism,cell type,morphology,tissue,disease,time (hr),concentration (ug/ml),Hydrodynamic diameter (nm),Zeta potential (mV),mcd,electronegativity,rox,radii,Valance_electron,amw,lipinskiHBA,lipinskiHBD,NumRotatableBonds,CrippenClogP,chi0v,chi1v,chi2v,hallKierAlpha,kappa1,norm_v,canc_v,Fitness
0,SKOV-3,CytoTox-Glo,ZnO,original,Human,Human,epithelial,ovary,Adenocarcinoma,24,6.25,42.25,-17.1,2.272727273,2.545,-0.7618,1.35,8,81.389,1,0,0,-0.1213,4.082482905,1.5,0.0,0.423376623,2.423376623,84.08437108400372,52.044403252953046,32.039967831050674
1,SKOV-3,CytoTox-Glo,ZnO,original,Human,Human,epithelial,ovary,Adenocarcinoma,24,7.8,53.7,-5.95,2.272727273,2.545,-0.7618,1.35,8,81.389,1,0,0,-0.1213,4.082482905,1.5,0.0,0.423376623,2.423376623,67.67156565513407,36.12914815307798,31.542417502056097
2,SKOV-3,CytoTox-Glo,Au,original,Human,Human,epithelial,ovary,Adenocarcinoma,24,7.8,15.84,-5.95,0.0,2.54,1.692,1.35,11,196.967,0,0,0,-0.0025,2.46797672,0.0,0.0,0.74025974,1.74025974,107.44663635856394,84.56373475241409,22.882901606149844
3,SKOV-3,CellTiterGlo,ZnO,original,Human,Human,epithelial,ovary,Adenocarcinoma,20,7.8,47.3,-5.95,2.272727273,2.545,-0.7618,1.35,8,81.389,1,0,0,-0.1213,4.082482905,1.5,0.0,0.423376623,2.423376623,90.65286323936135,69.24443270237751,21.408430536983843
4,SKOV-3,AlamarBlue,Ag,original,Human,Human,epithelial,ovary,Adenocarcinoma,20,31.6,158.75,49.26,0.0,1.93,0.7996,1.6,11,107.868,0,0,0,-0.0025,1.78376517,0.0,0.0,0.74025974,1.74025974,71.51134446909369,50.22905366294054,21.28229080615315
5,SKOV-3,CellTiterBlue,Pt,original,Human,Human,epithelial,ovary,Adenocarcinoma,2,6.0,61.46,18.2,0.0,2.28,1.188,1.35,10,195.078,0,0,0,-0.0025,2.588435821,0.0,0.0,0.688311688,1.688311688,96.84532304806636,78.47633614034689,18.368986907719474
6,SKOV-3,CellTiterGlo,Ag,original,Human,Human,epithelial,ovary,Adenocarcinoma,9,6.8,550.15,50.25,0.0,1.93,0.7996,1.6,11,107.868,0,0,0,-0.0025,1.78376517,0.0,0.0,0.74025974,1.74025974,95.7948382117894,81.46621236459976,14.328625847189642
7,SKOV-3,CellTiterBlue,Ag,original,Human,Human,epithelial,ovary,Adenocarcinoma,9,474.1,150.0,50.25,0.0,1.93,0.7996,1.6,11,107.868,0,0,0,-0.0025,1.78376517,0.0,0.0,0.74025974,1.74025974,62.50286736734463,48.32035748870288,14.182509878641746
8,SKOV-3,CVS,Au,original,Human,Human,epithelial,ovary,Adenocarcinoma,4,1000.0,87.82,-2.49,0.0,2.54,1.692,1.35,11,196.967,0,0,0,-0.0025,2.46797672,0.0,0.0,0.74025974,1.74025974,44.05712696784307,33.15539311306808,10.901733854774989
9,SKOV-3,CytoTox-Glo,Ag,original,Human,Human,epithelial,ovary,Adenocarcinoma,9,1000.0,27.5,-9.78,0.0,1.93,0.7996,1.6,11,107.868,0,0,0,-0.0025,1.78376517,0.0,0.0,0.74025974,1.74025974,59.237295520455795,51.992823686150736,7.24447183430506
