,cell line,test,material,source,organism,cell type,morphology,tissue,disease,time (hr),concentration (ug/ml),Hydrodynamic diameter (nm),Zeta potential (mV),mcd,electronegativity,rox,radii,Valance_electron,amw,lipinskiHBA,lipinskiHBD,NumRotatableBonds,CrippenClogP,chi0v,chi1v,chi2v,hallKierAlpha,kappa1,norm_v,canc_v,Fitness
0,SKOV-3,Live/Dead,ZnO,original,Human,Human,epithelial,ovary,Adenocarcinoma,24,6.25,42.25,-17.1,2.272727273,2.545,-0.7618,1.35,8,81.389,1,0,0,-0.1213,4.082482905,1.5,0.0,0.423376623,2.423376623,85.630971204967,50.674979133862095,34.9559920711049
1,SKOV-3,AlamarBlue,Ag,original,Human,Human,epithelial,ovary,Adenocarcinoma,20,31.6,47.3,-5.95,0.0,1.93,0.7996,1.6,11,107.868,0,0,0,-0.0025,1.78376517,0.0,0.0,0.74025974,1.74025974,73.42352810146281,46.944486780193685,26.479041321269122
2,SKOV-3,CellTiterBlue,Pt,original,Human,Human,epithelial,ovary,Adenocarcinoma,24,31.2,39.94,-35.9,0.0,2.28,1.188,1.35,10,195.078,0,0,0,-0.0025,2.588435821,0.0,0.0,0.688311688,1.688311688,64.80293637487638,40.33597668320631,24.46695969167007
3,SKOV-3,LDH,Au,original,Human,Human,epithelial,ovary,Adenocarcinoma,12,30.0,326.5,1.14,0.0,2.54,1.692,1.35,11,196.967,0,0,0,-0.0025,2.46797672,0.0,0.0,0.74025974,1.74025974,80.76842442536179,57.08871076313847,23.679713662223314
4,SKOV-3,MTS,Ag,original,Human,Human,epithelial,ovary,Adenocarcinoma,4,36.0,21.6,-21.085,0.0,1.93,0.7996,1.6,11,107.868,0,0,0,-0.0025,1.78376517,0.0,0.0,0.74025974,1.74025974,74.9578019871324,59.25523269073271,15.702569296399687
5,SKOV-3,AlamarBlue,Fe3O4,original,Human,Human,epithelial,ovary,Adenocarcinoma,12,9.45,39.7,-38.1,2.93255132,2.75,-0.239,1.4,48,231.531,4,0,2,-0.4323,6.006207083,2.975595179,0.708333333,0.918441558,10.82035581,75.09065494234977,61.6528612268966,13.437793715453175
6,SKOV-3,NRU,Au,original,Human,Human,epithelial,ovary,Adenocarcinoma,2,750.0,90.0,-31.8,0.0,2.54,1.692,1.35,11,196.967,0,0,0,-0.0025,2.46797672,0.0,0.0,0.74025974,1.74025974,78.9916306221491,65.91439272046632,13.077237901682778
7,SKOV-3,LDH,Ag,original,Human,Human,epithelial,ovary,Adenocarcinoma,12,30.0,326.5,-31.8,0.0,1.93,0.7996,1.6,11,107.868,0,0,0,-0.0025,1.78376517,0.0,0.0,0.74025974,1.74025974,76.87746530931841,65.15835154221861,11.719113767099799
