,cell line,test,material,source,organism,cell type,morphology,tissue,disease,time (hr),concentration (ug/ml),Hydrodynamic diameter (nm),Zeta potential (mV),mcd,electronegativity,rox,radii,Valance_electron,amw,lipinskiHBA,lipinskiHBD,NumRotatableBonds,CrippenClogP,chi0v,chi1v,chi2v,hallKierAlpha,kappa1,norm_v,canc_v,Fitness
0,SKOV-3,Live/Dead,Ag,original,Human,Human,epithelial,ovary,Adenocarcinoma,24,62.5,42.25,71.7,0.0,1.93,0.7996,1.6,11,107.868,0,0,0,-0.0025,1.78376517,0.0,0.0,0.74025974,1.74025974,83.2566494454971,55.08924638130006,28.167403064197046
1,SKOV-3,Live/Dead,Ag,original,Human,Human,epithelial,ovary,Adenocarcinoma,24,62.5,47.3,-5.95,0.0,1.93,0.7996,1.6,11,107.868,0,0,0,-0.0025,1.78376517,0.0,0.0,0.74025974,1.74025974,65.91920078458493,39.815537387070776,26.103663397514154
2,SKOV-3,WST-1,ZnO,original,Human,Human,epithelial,ovary,Adenocarcinoma,48,30.6,47.9,-8.7,2.272727273,2.545,-0.7618,1.35,8,81.389,1,0,0,-0.1213,4.082482905,1.5,0.0,0.423376623,2.423376623,48.25869373414538,26.843179010607102,21.41551472353828
3,SKOV-3,MTT,Ag,original,Human,Human,epithelial,ovary,Adenocarcinoma,24,5.46,214.25,-6.38,0.0,1.93,0.7996,1.6,11,107.868,0,0,0,-0.0025,1.78376517,0.0,0.0,0.74025974,1.74025974,79.50532710352967,59.7221931044328,19.78313399909687
4,SKOV-3,MTT,Ag,original,Human,Human,epithelial,ovary,Adenocarcinoma,24,5.46,214.25,-6.38,0.0,1.93,0.7996,1.6,11,107.868,0,0,0,-0.0025,1.78376517,0.0,0.0,0.74025974,1.74025974,79.50532710352967,59.7221931044328,19.78313399909687
5,SKOV-3,WST-1,Au,original,Human,Human,epithelial,ovary,Adenocarcinoma,20,7.8,47.3,-5.95,0.0,2.54,1.692,1.35,11,196.967,0,0,0,-0.0025,2.46797672,0.0,0.0,0.74025974,1.74025974,90.70245563434557,71.31462821604853,19.387827418297036
6,SKOV-3,CellTiterBlue,ZnO,original,Human,Human,epithelial,ovary,Adenocarcinoma,4,72.0,46.8,28.965,2.272727273,2.545,-0.7618,1.35,8,81.389,1,0,0,-0.1213,4.082482905,1.5,0.0,0.423376623,2.423376623,76.73793258209147,58.27134465050797,18.466587931583504
7,SKOV-3,CellTiterBlue,Ag,original,Human,Human,epithelial,ovary,Adenocarcinoma,4,10.93,39.94,11.4,0.0,1.93,0.7996,1.6,11,107.868,0,0,0,-0.0025,1.78376517,0.0,0.0,0.74025974,1.74025974,87.05779710323442,71.07744655613405,15.980350547100372
8,SKOV-3,NRU,Au,original,Human,Human,epithelial,ovary,Adenocarcinoma,24,50.0,42.25,71.7,0.0,2.54,1.692,1.35,11,196.967,0,0,0,-0.0025,2.46797672,0.0,0.0,0.74025974,1.74025974,38.67385256367794,24.610727630506872,14.063124933171068
