,cell line,test,material,source,organism,cell type,morphology,tissue,disease,time (hr),concentration (ug/ml),Hydrodynamic diameter (nm),Zeta potential (mV),mcd,electronegativity,rox,radii,Valance_electron,amw,lipinskiHBA,lipinskiHBD,NumRotatableBonds,CrippenClogP,chi0v,chi1v,chi2v,hallKierAlpha,kappa1,norm_v,canc_v,Fitness
0,SKOV-3,Live/Dead,ZnO,original,Human,Human,epithelial,ovary,Adenocarcinoma,24,6.25,42.25,-17.1,2.272727273,2.545,-0.7618,1.35,8,81.389,1,0,0,-0.1213,4.082482905,1.5,0.0,0.423376623,2.423376623,85.630971204967,50.674979133862095,34.9559920711049
1,SKOV-3,NRU,Ag,original,Human,Human,epithelial,ovary,Adenocarcinoma,24,6.25,42.25,-26.23,0.0,1.93,0.7996,1.6,11,107.868,0,0,0,-0.0025,1.78376517,0.0,0.0,0.74025974,1.74025974,99.15642893239186,68.04026377431047,31.116165158081387
2,SKOV-3,AlamarBlue,Au,original,Human,Human,epithelial,ovary,Adenocarcinoma,24,31.6,47.3,-5.95,0.0,2.54,1.692,1.35,11,196.967,0,0,0,-0.0025,2.46797672,0.0,0.0,0.74025974,1.74025974,59.12614315172976,31.52565248707529,27.600490664654465
3,SKOV-3,AlamarBlue,Ag,original,Human,Human,epithelial,ovary,Adenocarcinoma,6,31.6,47.3,-29.01,0.0,1.93,0.7996,1.6,11,107.868,0,0,0,-0.0025,1.78376517,0.0,0.0,0.74025974,1.74025974,78.23646297181041,53.20594226903356,25.030520702776855
4,SKOV-3,Live/Dead,Pt,original,Human,Human,epithelial,ovary,Adenocarcinoma,96,160.0,145.45,45.12,0.0,2.28,1.188,1.35,10,195.078,0,0,0,-0.0025,2.588435821,0.0,0.0,0.688311688,1.688311688,54.636796765511875,38.77806629417833,15.858730471333544
5,SKOV-3,CellTiterBlue,Ag,original,Human,Human,epithelial,ovary,Adenocarcinoma,20,10.93,141.0,21.6,0.0,1.93,0.7996,1.6,11,107.868,0,0,0,-0.0025,1.78376517,0.0,0.0,0.74025974,1.74025974,84.98743854269802,70.78097942342171,14.206459119276303
6,SKOV-3,CCK-8,Ca(HCO3)2,original,Human,Human,epithelial,ovary,Adenocarcinoma,2,6.25,100.33,31.4,2.193,2.678333,-2.866,1.8,48,162.11,6,2,0,-2.6054,6.4428963,1.263710176,0.0,-0.20025974,15.91523464,94.36938164595199,81.29974228415406,13.069639361797925
7,SKOV-3,EZ4U,Au,original,Human,Human,epithelial,ovary,Adenocarcinoma,48,9.45,250.0,-27.45,0.0,2.54,1.692,1.35,11,196.967,0,0,0,-0.0025,2.46797672,0.0,0.0,0.74025974,1.74025974,71.87795230502564,60.05059975997365,11.827352545051994
8,SKOV-3,EZ4U,Ag,original,Human,Human,epithelial,ovary,Adenocarcinoma,12,14.0,173.48,-8.1,0.0,1.93,0.7996,1.6,11,107.868,0,0,0,-0.0025,1.78376517,0.0,0.0,0.74025974,1.74025974,91.61009520707502,80.35750439113068,11.252590815944345
9,SKOV-3,NRU,C,original,Human,Human,epithelial,ovary,Adenocarcinoma,12,6.25,14.3,-23.05,0.0,2.55,0.0,0.7,4,12.011,0,0,0,0.08129,0.5,0.0,0.0,0.0,0.0,105.77706541109193,97.69991351851256,8.077151892579366
