,cell line,test,material,source,organism,cell type,morphology,tissue,disease,time (hr),concentration (ug/ml),Hydrodynamic diameter (nm),Zeta potential (mV),mcd,electronegativity,rox,radii,Valance_electron,amw,lipinskiHBA,lipinskiHBD,NumRotatableBonds,CrippenClogP,chi0v,chi1v,chi2v,hallKierAlpha,kappa1,norm_v,canc_v,Fitness
0,SKOV-3,CytoTox-Glo,Ag,original,Human,Human,epithelial,ovary,Adenocarcinoma,24,7.2,39.2,-17.1,0.0,1.93,0.7996,1.6,11,107.868,0,0,0,-0.0025,1.78376517,0.0,0.0,0.74025974,1.74025974,94.66189980243018,65.72364473541244,28.93825506701775
1,SKOV-3,WST-1,ZnO,original,Human,Human,epithelial,ovary,Adenocarcinoma,20,7.8,47.3,-5.95,2.272727273,2.545,-0.7618,1.35,8,81.389,1,0,0,-0.1213,4.082482905,1.5,0.0,0.423376623,2.423376623,84.97437624238653,62.54238887561777,22.43198736676876
2,SKOV-3,CCK-8,Pt,original,Human,Human,epithelial,ovary,Adenocarcinoma,2,62.5,93.65,-22.0,0.0,2.28,1.188,1.35,10,195.078,0,0,0,-0.0025,2.588435821,0.0,0.0,0.688311688,1.688311688,75.20490439195885,55.40353099916846,19.80137339279039
3,SKOV-3,MTT,Ag,original,Human,Human,epithelial,ovary,Adenocarcinoma,24,5.46,214.25,-6.38,0.0,1.93,0.7996,1.6,11,107.868,0,0,0,-0.0025,1.78376517,0.0,0.0,0.74025974,1.74025974,79.50532710352967,59.7221931044328,19.78313399909687
4,SKOV-3,WST-1,Au,original,Human,Human,epithelial,ovary,Adenocarcinoma,20,7.8,47.3,-5.95,0.0,2.54,1.692,1.35,11,196.967,0,0,0,-0.0025,2.46797672,0.0,0.0,0.74025974,1.74025974,90.70245563434557,71.31462821604853,19.387827418297036
5,SKOV-3,CellTiterBlue,Ag,original,Human,Human,epithelial,ovary,Adenocarcinoma,12,31.2,208.35,-18.745,0.0,1.93,0.7996,1.6,11,107.868,0,0,0,-0.0025,1.78376517,0.0,0.0,0.74025974,1.74025974,72.12500360156234,55.329520850912495,16.795482750649846
6,SKOV-3,WST-1,Pt,original,Human,Human,epithelial,ovary,Adenocarcinoma,72,62.5,93.65,-22.0,0.0,2.28,1.188,1.35,10,195.078,0,0,0,-0.0025,2.588435821,0.0,0.0,0.688311688,1.688311688,43.448168476943785,28.425800496903,15.022367980040784
7,SKOV-3,NRU,ZnO,original,Human,Human,epithelial,ovary,Adenocarcinoma,3,240.0,208.35,25.3,2.272727273,2.545,-0.7618,1.35,8,81.389,1,0,0,-0.1213,4.082482905,1.5,0.0,0.423376623,2.423376623,73.47074643862797,62.45834260044621,11.012403838181761
8,SKOV-3,NRU,Au,original,Human,Human,epithelial,ovary,Adenocarcinoma,9,43.75,22.415,-27.52,0.0,2.54,1.692,1.35,11,196.967,0,0,0,-0.0025,2.46797672,0.0,0.0,0.74025974,1.74025974,77.84707466146072,68.81229342940055,9.034781232060169
