,cell line,test,material,source,organism,cell type,morphology,tissue,disease,time (hr),concentration (ug/ml),Hydrodynamic diameter (nm),Zeta potential (mV),mcd,electronegativity,rox,radii,Valance_electron,amw,lipinskiHBA,lipinskiHBD,NumRotatableBonds,CrippenClogP,chi0v,chi1v,chi2v,hallKierAlpha,kappa1,norm_v,canc_v,Fitness
0,SKOV-3,Live/Dead,ZnO,original,Human,Human,epithelial,ovary,Adenocarcinoma,24,6.25,42.25,-17.1,2.272727273,2.545,-0.7618,1.35,8,81.389,1,0,0,-0.1213,4.082482905,1.5,0.0,0.423376623,2.423376623,85.630971204967,50.674979133862095,34.9559920711049
1,SKOV-3,NRU,Ag,original,Human,Human,epithelial,ovary,Adenocarcinoma,24,6.25,42.25,-26.23,0.0,1.93,0.7996,1.6,11,107.868,0,0,0,-0.0025,1.78376517,0.0,0.0,0.74025974,1.74025974,99.15642893239186,68.04026377431047,31.116165158081387
2,SKOV-3,AlamarBlue,Au,original,Human,Human,epithelial,ovary,Adenocarcinoma,24,31.6,47.3,-5.95,0.0,2.54,1.692,1.35,11,196.967,0,0,0,-0.0025,2.46797672,0.0,0.0,0.74025974,1.74025974,59.12614315172976,31.52565248707529,27.600490664654465
3,SKOV-3,AlamarBlue,Ag,original,Human,Human,epithelial,ovary,Adenocarcinoma,6,31.6,47.3,-29.01,0.0,1.93,0.7996,1.6,11,107.868,0,0,0,-0.0025,1.78376517,0.0,0.0,0.74025974,1.74025974,78.23646297181041,53.20594226903356,25.030520702776855
4,SKOV-3,AlamarBlue,Pt,original,Human,Human,epithelial,ovary,Adenocarcinoma,12,7.5,164.065,-34.9,0.0,2.28,1.188,1.35,10,195.078,0,0,0,-0.0025,2.588435821,0.0,0.0,0.688311688,1.688311688,87.45971840549274,65.29948925236235,22.160229153130388
5,SKOV-3,XTT,Au,original,Human,Human,epithelial,ovary,Adenocarcinoma,72,7.5,39.94,45.12,0.0,2.54,1.692,1.35,11,196.967,0,0,0,-0.0025,2.46797672,0.0,0.0,0.74025974,1.74025974,87.28846714580168,66.0233650149452,21.265102130856476
6,SKOV-3,MTS,ZnO,original,Human,Human,epithelial,ovary,Adenocarcinoma,72,125.0,12.5,54.3,2.272727273,2.545,-0.7618,1.35,8,81.389,1,0,0,-0.1213,4.082482905,1.5,0.0,0.423376623,2.423376623,72.6421552288132,62.07880661943026,10.563348609382935
7,SKOV-3,EZ4U,Au,original,Human,Human,epithelial,ovary,Adenocarcinoma,12,250.0,386.9,-7.05,0.0,2.54,1.692,1.35,11,196.967,0,0,0,-0.0025,2.46797672,0.0,0.0,0.74025974,1.74025974,68.69840372379274,59.15105186949356,9.54735185429918
8,SKOV-3,MTS,Au,original,Human,Human,epithelial,ovary,Adenocarcinoma,72,13.0,43.17,-17.1,0.0,2.54,1.692,1.35,11,196.967,0,0,0,-0.0025,2.46797672,0.0,0.0,0.74025974,1.74025974,59.179570903416554,51.690338547475434,7.48923235594112
