,cell line,test,material,source,organism,cell type,morphology,tissue,disease,time (hr),concentration (ug/ml),Hydrodynamic diameter (nm),Zeta potential (mV),mcd,electronegativity,rox,radii,Valance_electron,amw,lipinskiHBA,lipinskiHBD,NumRotatableBonds,CrippenClogP,chi0v,chi1v,chi2v,hallKierAlpha,kappa1,norm_v,canc_v,Fitness
0,SKOV-3,Live/Dead,Ag,original,Human,Human,epithelial,ovary,Adenocarcinoma,24,62.5,42.25,71.7,0.0,1.93,0.7996,1.6,11,107.868,0,0,0,-0.0025,1.78376517,0.0,0.0,0.74025974,1.74025974,83.2566494454971,55.08924638130006,28.167403064197046
1,SKOV-3,NRU,Au,original,Human,Human,epithelial,ovary,Adenocarcinoma,9,50.0,134.645,-10.75,0.0,2.54,1.692,1.35,11,196.967,0,0,0,-0.0025,2.46797672,0.0,0.0,0.74025974,1.74025974,79.92217011746094,56.71104012577154,23.211129991689397
2,SKOV-3,WST-1,ZnO,original,Human,Human,epithelial,ovary,Adenocarcinoma,48,30.6,47.9,-8.7,2.272727273,2.545,-0.7618,1.35,8,81.389,1,0,0,-0.1213,4.082482905,1.5,0.0,0.423376623,2.423376623,48.25869373414538,26.843179010607102,21.41551472353828
3,SKOV-3,WST-1,Au,original,Human,Human,epithelial,ovary,Adenocarcinoma,12,7.8,47.3,-5.95,0.0,2.54,1.692,1.35,11,196.967,0,0,0,-0.0025,2.46797672,0.0,0.0,0.74025974,1.74025974,91.5429285383824,71.94683614710229,19.59609239128011
4,SKOV-3,CytoTox-Glo,ZnO,original,Human,Human,epithelial,ovary,Adenocarcinoma,96,30.6,47.9,-8.7,2.272727273,2.545,-0.7618,1.35,8,81.389,1,0,0,-0.1213,4.082482905,1.5,0.0,0.423376623,2.423376623,47.32716032558019,29.389776954855336,17.937383370724852
5,SKOV-3,CellTiterGlo,Au,original,Human,Human,epithelial,ovary,Adenocarcinoma,72,31.2,158.75,-7.01,0.0,2.54,1.692,1.35,11,196.967,0,0,0,-0.0025,2.46797672,0.0,0.0,0.74025974,1.74025974,43.71929713326861,29.804239210643,13.91505792262561
6,SKOV-3,EZ4U,TiO2,original,Human,Human,epithelial,ovary,Adenocarcinoma,2,18.0,47.0,-0.315,5.369127517,2.806666667,-0.93,1.4,16,79.865,2,0,0,-0.2401,2.878049394,1.683250823,0.0,0.314285714,3.314285714,101.11961666783806,90.04260033064485,11.077016337193214
7,SKOV-3,MTT,ZnO,original,Human,Human,epithelial,ovary,Adenocarcinoma,3,17.8,81.8,-10.48,2.272727273,2.545,-0.7618,1.35,8,81.389,1,0,0,-0.1213,4.082482905,1.5,0.0,0.423376623,2.423376623,92.62360472215556,84.96675914163374,7.656845580521818
