,cell line,test,material,source,organism,cell type,morphology,tissue,disease,time (hr),concentration (ug/ml),Hydrodynamic diameter (nm),Zeta potential (mV),mcd,electronegativity,rox,radii,Valance_electron,amw,lipinskiHBA,lipinskiHBD,NumRotatableBonds,CrippenClogP,chi0v,chi1v,chi2v,hallKierAlpha,kappa1,norm_v,canc_v,Fitness
0,SKOV-3,Live/Dead,ZnO,original,Human,Human,epithelial,ovary,Adenocarcinoma,24,6.25,42.25,-17.1,2.272727273,2.545,-0.7618,1.35,8,81.389,1,0,0,-0.1213,4.082482905,1.5,0.0,0.423376623,2.423376623,85.630971204967,50.674979133862095,34.9559920711049
1,SKOV-3,AlamarBlue,Ag,original,Human,Human,epithelial,ovary,Adenocarcinoma,20,31.6,47.3,-5.95,0.0,1.93,0.7996,1.6,11,107.868,0,0,0,-0.0025,1.78376517,0.0,0.0,0.74025974,1.74025974,73.42352810146281,46.944486780193685,26.479041321269122
2,SKOV-3,AlamarBlue,Au,original,Human,Human,epithelial,ovary,Adenocarcinoma,9,31.6,47.3,-5.95,0.0,2.54,1.692,1.35,11,196.967,0,0,0,-0.0025,2.46797672,0.0,0.0,0.74025974,1.74025974,78.96447653911211,54.58967486695694,24.374801672155172
3,SKOV-3,AlamarBlue,Ag,original,Human,Human,epithelial,ovary,Adenocarcinoma,6,7.8125,38.8,-29.01,0.0,1.93,0.7996,1.6,11,107.868,0,0,0,-0.0025,1.78376517,0.0,0.0,0.74025974,1.74025974,100.04792941732065,76.99607280013392,23.05185661718673
4,SKOV-3,XTT,Pt,original,Human,Human,epithelial,ovary,Adenocarcinoma,12,6.25,141.0,-31.215,0.0,2.28,1.188,1.35,10,195.078,0,0,0,-0.0025,2.588435821,0.0,0.0,0.688311688,1.688311688,81.6880521476523,60.513226725307554,21.174825422344746
5,SKOV-3,CytoTox-Glo,SiO2,original,Human,Human,epithelial,ovary,Adenocarcinoma,72,31.2,302.75,-24.66,7.407407407,2.926666667,-1.2,1.1,16,60.084,2,0,0,-0.6184,2.316496581,1.224744871,0.0,-0.183116883,2.816883117,67.89271823933915,56.62465579297466,11.268062446364489
6,SKOV-3,Live/Dead,Pt,original,Human,Human,epithelial,ovary,Adenocarcinoma,48,9.0,21.06,-13.5,0.0,2.28,1.188,1.35,10,195.078,0,0,0,-0.0025,2.588435821,0.0,0.0,0.688311688,1.688311688,87.63522309440246,77.87931551947754,9.755907574924919
7,SKOV-3,LDH,Fe3O4,original,Human,Human,epithelial,ovary,Adenocarcinoma,12,750.0,75.1,26.4,2.93255132,2.75,-0.239,1.4,48,231.531,4,0,2,-0.4323,6.006207083,2.975595179,0.708333333,0.918441558,10.82035581,71.82041453077454,65.84248934668167,5.977925184092868
