,cell line,test,material,source,organism,cell type,morphology,tissue,disease,time (hr),concentration (ug/ml),Hydrodynamic diameter (nm),Zeta potential (mV),mcd,electronegativity,rox,radii,Valance_electron,amw,lipinskiHBA,lipinskiHBD,NumRotatableBonds,CrippenClogP,chi0v,chi1v,chi2v,hallKierAlpha,kappa1,norm_v,canc_v,Fitness
0,SKOV-3,CytoTox-Glo,Ag,original,Human,Human,epithelial,ovary,Adenocarcinoma,24,62.5,42.25,71.7,0.0,1.93,0.7996,1.6,11,107.868,0,0,0,-0.0025,1.78376517,0.0,0.0,0.74025974,1.74025974,74.81880102886244,48.90472161952948,25.914079409332956
1,SKOV-3,NRU,Au,original,Human,Human,epithelial,ovary,Adenocarcinoma,9,50.0,134.645,-10.75,0.0,2.54,1.692,1.35,11,196.967,0,0,0,-0.0025,2.46797672,0.0,0.0,0.74025974,1.74025974,79.92217011746094,56.71104012577154,23.211129991689397
2,SKOV-3,WST-1,ZnO,original,Human,Human,epithelial,ovary,Adenocarcinoma,96,30.6,47.9,-8.7,2.272727273,2.545,-0.7618,1.35,8,81.389,1,0,0,-0.1213,4.082482905,1.5,0.0,0.423376623,2.423376623,47.30051735553178,27.37969287873157,19.92082447680021
3,SKOV-3,WST-1,Au,original,Human,Human,epithelial,ovary,Adenocarcinoma,12,7.8,47.3,-5.95,0.0,2.54,1.692,1.35,11,196.967,0,0,0,-0.0025,2.46797672,0.0,0.0,0.74025974,1.74025974,91.5429285383824,71.94683614710229,19.59609239128011
4,SKOV-3,CytoTox-Glo,ZnO,original,Human,Human,epithelial,ovary,Adenocarcinoma,96,30.6,47.9,-8.7,2.272727273,2.545,-0.7618,1.35,8,81.389,1,0,0,-0.1213,4.082482905,1.5,0.0,0.423376623,2.423376623,47.32716032558019,29.389776954855336,17.937383370724852
5,SKOV-3,CellTiterGlo,Au,original,Human,Human,epithelial,ovary,Adenocarcinoma,72,31.2,158.75,-7.01,0.0,2.54,1.692,1.35,11,196.967,0,0,0,-0.0025,2.46797672,0.0,0.0,0.74025974,1.74025974,43.71929713326861,29.804239210643,13.91505792262561
6,SKOV-3,CytoTox-Glo,Ag,original,Human,Human,epithelial,ovary,Adenocarcinoma,6,62.5,47.9,71.7,0.0,1.93,0.7996,1.6,11,107.868,0,0,0,-0.0025,1.78376517,0.0,0.0,0.74025974,1.74025974,58.32188556957028,44.63818619932396,13.683699370246316
7,SKOV-3,CCK-8,SiO2,original,Human,Human,epithelial,ovary,Adenocarcinoma,24,31.2,43.8,24.37,7.407407407,2.926666667,-1.2,1.1,16,60.084,2,0,0,-0.6184,2.316496581,1.224744871,0.0,-0.183116883,2.816883117,92.70549084874278,79.20975056159861,13.495740287144173
8,SKOV-3,EZ4U,SiO2,original,Human,Human,epithelial,ovary,Adenocarcinoma,72,31.25,199.95,-20.25,7.407407407,2.926666667,-1.2,1.1,16,60.084,2,0,0,-0.6184,2.316496581,1.224744871,0.0,-0.183116883,2.816883117,50.376016959431624,39.08389526189079,11.292121697540836
