,cell line,test,material,source,organism,cell type,morphology,tissue,disease,time (hr),concentration (ug/ml),Hydrodynamic diameter (nm),Zeta potential (mV),mcd,electronegativity,rox,radii,Valance_electron,amw,lipinskiHBA,lipinskiHBD,NumRotatableBonds,CrippenClogP,chi0v,chi1v,chi2v,hallKierAlpha,kappa1,norm_v,canc_v,Fitness
0,SKOV-3,Live/Dead,ZnO,original,Human,Human,epithelial,ovary,Adenocarcinoma,24,6.25,42.25,-17.1,2.272727273,2.545,-0.7618,1.35,8,81.389,1,0,0,-0.1213,4.082482905,1.5,0.0,0.423376623,2.423376623,85.630971204967,50.674979133862095,34.9559920711049
1,SKOV-3,NRU,Ag,original,Human,Human,epithelial,ovary,Adenocarcinoma,24,6.25,42.25,-26.23,0.0,1.93,0.7996,1.6,11,107.868,0,0,0,-0.0025,1.78376517,0.0,0.0,0.74025974,1.74025974,99.15642893239186,68.04026377431047,31.116165158081387
2,SKOV-3,AlamarBlue,Pt,original,Human,Human,epithelial,ovary,Adenocarcinoma,24,7.5,164.065,-34.9,0.0,2.28,1.188,1.35,10,195.078,0,0,0,-0.0025,2.588435821,0.0,0.0,0.688311688,1.688311688,82.20944524171014,52.92411974949044,29.285325492219705
3,SKOV-3,AlamarBlue,Au,original,Human,Human,epithelial,ovary,Adenocarcinoma,24,6.25,47.3,-5.95,0.0,2.54,1.692,1.35,11,196.967,0,0,0,-0.0025,2.46797672,0.0,0.0,0.74025974,1.74025974,94.22834563151112,65.1009707955275,29.127374835983616
4,SKOV-3,AlamarBlue,Ag,original,Human,Human,epithelial,ovary,Adenocarcinoma,6,31.6,47.3,-21.085,0.0,1.93,0.7996,1.6,11,107.868,0,0,0,-0.0025,1.78376517,0.0,0.0,0.74025974,1.74025974,78.23646297181041,53.20594226903356,25.030520702776855
5,SKOV-3,XTT,ZnO,original,Human,Human,epithelial,ovary,Adenocarcinoma,20,7.5,42.25,45.12,2.272727273,2.545,-0.7618,1.35,8,81.389,1,0,0,-0.1213,4.082482905,1.5,0.0,0.423376623,2.423376623,94.16821262882812,69.52804955109164,24.640163077736474
6,SKOV-3,Live/Dead,Ag,original,Human,Human,epithelial,ovary,Adenocarcinoma,96,175.0,27.7,-34.9,0.0,1.93,0.7996,1.6,11,107.868,0,0,0,-0.0025,1.78376517,0.0,0.0,0.74025974,1.74025974,93.9031691479293,77.60092211348785,16.30224703444145
7,SKOV-3,CellTiterGlo,Ag,original,Human,Human,epithelial,ovary,Adenocarcinoma,9,18.0,215.0,6.93,0.0,1.93,0.7996,1.6,11,107.868,0,0,0,-0.0025,1.78376517,0.0,0.0,0.74025974,1.74025974,73.64824130993571,61.78425607529159,11.863985234644126
8,SKOV-3,Live/Dead,C,original,Human,Human,epithelial,ovary,Adenocarcinoma,12,128.0,17.4,-5.63,0.0,2.55,0.0,0.7,4,12.011,0,0,0,0.08129,0.5,0.0,0.0,0.0,0.0,91.21614329021239,80.86400335342552,10.35213993678687
