,cell line,test,material,source,organism,cell type,morphology,tissue,disease,time (hr),concentration (ug/ml),Hydrodynamic diameter (nm),Zeta potential (mV),mcd,electronegativity,rox,radii,Valance_electron,amw,lipinskiHBA,lipinskiHBD,NumRotatableBonds,CrippenClogP,chi0v,chi1v,chi2v,hallKierAlpha,kappa1,norm_v,canc_v,Fitness
0,SKOV-3,Live/Dead,Ag,original,Human,Human,epithelial,ovary,Adenocarcinoma,24,62.5,42.25,71.7,0.0,1.93,0.7996,1.6,11,107.868,0,0,0,-0.0025,1.78376517,0.0,0.0,0.74025974,1.74025974,83.2566494454971,55.08924638130006,28.167403064197046
1,SKOV-3,WST-1,ZnO,original,Human,Human,epithelial,ovary,Adenocarcinoma,48,30.6,47.9,-8.7,2.272727273,2.545,-0.7618,1.35,8,81.389,1,0,0,-0.1213,4.082482905,1.5,0.0,0.423376623,2.423376623,48.25869373414538,26.843179010607102,21.41551472353828
2,SKOV-3,MTT,Ag,original,Human,Human,epithelial,ovary,Adenocarcinoma,24,5.46,214.25,-6.38,0.0,1.93,0.7996,1.6,11,107.868,0,0,0,-0.0025,1.78376517,0.0,0.0,0.74025974,1.74025974,79.50532710352967,59.7221931044328,19.78313399909687
3,SKOV-3,WST-1,Au,original,Human,Human,epithelial,ovary,Adenocarcinoma,20,7.8,47.3,-5.95,0.0,2.54,1.692,1.35,11,196.967,0,0,0,-0.0025,2.46797672,0.0,0.0,0.74025974,1.74025974,90.70245563434557,71.31462821604853,19.387827418297036
4,SKOV-3,CellTiterBlue,Ag,original,Human,Human,epithelial,ovary,Adenocarcinoma,3,5.46,24.5,8.67,0.0,1.93,0.7996,1.6,11,107.868,0,0,0,-0.0025,1.78376517,0.0,0.0,0.74025974,1.74025974,94.77402047830016,81.71268125160566,13.0613392266945
5,SKOV-3,CytoTox-Glo,Au,original,Human,Human,epithelial,ovary,Adenocarcinoma,48,21.87,39.2,-31.9,0.0,2.54,1.692,1.35,11,196.967,0,0,0,-0.0025,2.46797672,0.0,0.0,0.74025974,1.74025974,53.34762897365036,45.23981499958679,8.107813974063568
6,SKOV-3,MTS,Ca(HCO3)2,original,Human,Human,epithelial,ovary,Adenocarcinoma,72,10.93,161.7,-6.38,2.193,2.678333,-2.866,1.8,48,162.11,6,2,0,-2.6054,6.4428963,1.263710176,0.0,-0.20025974,15.91523464,84.14616259408436,80.23207206867043,3.9140905254139255
7,SKOV-3,CVS,C,original,Human,Human,epithelial,ovary,Adenocarcinoma,20,5.46,504.5,-12.32,0.0,2.55,0.0,0.7,4,12.011,0,0,0,0.08129,0.5,0.0,0.0,0.0,0.0,97.60164757184081,94.05210073720889,3.5495468346319257
