,cell line,test,material,source,organism,cell type,morphology,tissue,disease,time (hr),concentration (ug/ml),Hydrodynamic diameter (nm),Zeta potential (mV),mcd,electronegativity,rox,radii,Valance_electron,amw,lipinskiHBA,lipinskiHBD,NumRotatableBonds,CrippenClogP,chi0v,chi1v,chi2v,hallKierAlpha,kappa1,norm_v,canc_v,Fitness
0,SKOV-3,Live/Dead,ZnO,original,Human,Human,epithelial,ovary,Adenocarcinoma,24,6.25,42.25,-17.1,2.272727273,2.545,-0.7618,1.35,8,81.389,1,0,0,-0.1213,4.082482905,1.5,0.0,0.423376623,2.423376623,85.630971204967,50.674979133862095,34.9559920711049
1,SKOV-3,AlamarBlue,Ag,original,Human,Human,epithelial,ovary,Adenocarcinoma,20,31.6,47.3,-5.95,0.0,1.93,0.7996,1.6,11,107.868,0,0,0,-0.0025,1.78376517,0.0,0.0,0.74025974,1.74025974,73.42352810146281,46.944486780193685,26.479041321269122
2,SKOV-3,AlamarBlue,Au,original,Human,Human,epithelial,ovary,Adenocarcinoma,9,31.6,47.3,-5.95,0.0,2.54,1.692,1.35,11,196.967,0,0,0,-0.0025,2.46797672,0.0,0.0,0.74025974,1.74025974,78.96447653911211,54.58967486695694,24.374801672155172
3,SKOV-3,AlamarBlue,Ag,original,Human,Human,epithelial,ovary,Adenocarcinoma,6,7.8125,38.8,-29.01,0.0,1.93,0.7996,1.6,11,107.868,0,0,0,-0.0025,1.78376517,0.0,0.0,0.74025974,1.74025974,100.04792941732065,76.99607280013392,23.05185661718673
4,SKOV-3,XTT,ZnO,original,Human,Human,epithelial,ovary,Adenocarcinoma,20,17.8,42.5,-22.95,2.272727273,2.545,-0.7618,1.35,8,81.389,1,0,0,-0.1213,4.082482905,1.5,0.0,0.423376623,2.423376623,94.03086888211932,71.23325481417591,22.797614067943414
5,SKOV-3,XTT,ZnO,original,Human,Human,epithelial,ovary,Adenocarcinoma,20,17.8,46.8,-22.95,2.272727273,2.545,-0.7618,1.35,8,81.389,1,0,0,-0.1213,4.082482905,1.5,0.0,0.423376623,2.423376623,83.34761820676391,60.69926722232244,22.64835098444147
6,SKOV-3,CVS,Au,original,Human,Human,epithelial,ovary,Adenocarcinoma,3,7.2,39.94,-7.05,0.0,2.54,1.692,1.35,11,196.967,0,0,0,-0.0025,2.46797672,0.0,0.0,0.74025974,1.74025974,106.35634507513068,87.64560529202912,18.71073978310156
7,SKOV-3,NRU,Pt,original,Human,Human,epithelial,ovary,Adenocarcinoma,6,5.91,22.415,66.57,0.0,2.28,1.188,1.35,10,195.078,0,0,0,-0.0025,2.588435821,0.0,0.0,0.688311688,1.688311688,94.06380499024351,78.01405441640625,16.049750573837258
8,SKOV-3,XTT,C,original,Human,Human,epithelial,ovary,Adenocarcinoma,20,6.25,43.8,-10.85,0.0,2.55,0.0,0.7,4,12.011,0,0,0,0.08129,0.5,0.0,0.0,0.0,0.0,109.46748560307249,99.64299488949601,9.82449071357648
9,SKOV-3,NRU,Au,original,Human,Human,epithelial,ovary,Adenocarcinoma,9,17.8,22.415,66.57,0.0,2.54,1.692,1.35,11,196.967,0,0,0,-0.0025,2.46797672,0.0,0.0,0.74025974,1.74025974,88.80631088799016,85.57405269804013,3.2322581899500307
