,cell line,test,material,source,organism,cell type,morphology,tissue,disease,time (hr),concentration (ug/ml),Hydrodynamic diameter (nm),Zeta potential (mV),mcd,electronegativity,rox,radii,Valance_electron,amw,lipinskiHBA,lipinskiHBD,NumRotatableBonds,CrippenClogP,chi0v,chi1v,chi2v,hallKierAlpha,kappa1,norm_v,canc_v,Fitness
0,SKOV-3,CellTiterGlo,Au,original,Human,Human,epithelial,ovary,Adenocarcinoma,9,72.0,134.645,-25.2,0.0,2.54,1.692,1.35,11,196.967,0,0,0,-0.0025,2.46797672,0.0,0.0,0.74025974,1.74025974,59.297474541255966,38.61914684170273,20.678327699553236
1,SKOV-3,CytoTox-Glo,Ag,original,Human,Human,epithelial,ovary,Adenocarcinoma,20,31.6,165.3,21.6,0.0,1.93,0.7996,1.6,11,107.868,0,0,0,-0.0025,1.78376517,0.0,0.0,0.74025974,1.74025974,57.9389845139021,37.78149478384789,20.15748973005421
2,SKOV-3,EZ4U,Au,original,Human,Human,epithelial,ovary,Adenocarcinoma,9,60.0,100.0,-22.61,0.0,2.54,1.692,1.35,11,196.967,0,0,0,-0.0025,2.46797672,0.0,0.0,0.74025974,1.74025974,73.26034610528473,58.147626501727686,15.11271960355704
3,SKOV-3,EZ4U,Au,original,Human,Human,epithelial,ovary,Adenocarcinoma,9,60.0,100.0,-22.61,0.0,2.54,1.692,1.35,11,196.967,0,0,0,-0.0025,2.46797672,0.0,0.0,0.74025974,1.74025974,73.26034610528473,58.147626501727686,15.11271960355704
4,SKOV-3,LDH,Au,original,Human,Human,epithelial,ovary,Adenocarcinoma,72,5.91,38.8,-20.51,0.0,2.54,1.692,1.35,11,196.967,0,0,0,-0.0025,2.46797672,0.0,0.0,0.74025974,1.74025974,65.77749742185755,53.717787422738134,12.059709999119413
5,SKOV-3,NRU,SiO2,original,Human,Human,epithelial,ovary,Adenocarcinoma,3,30.6,33.69,21.7,7.407407407,2.926666667,-1.2,1.1,16,60.084,2,0,0,-0.6184,2.316496581,1.224744871,0.0,-0.183116883,2.816883117,99.50102756722113,89.43131712247371,10.069710444747415
6,SKOV-3,NRU,SiO2,original,Human,Human,epithelial,ovary,Adenocarcinoma,3,30.6,33.69,21.7,7.407407407,2.926666667,-1.2,1.1,16,60.084,2,0,0,-0.6184,2.316496581,1.224744871,0.0,-0.183116883,2.816883117,99.50102756722113,89.43131712247371,10.069710444747415
