,cell line,test,material,source,organism,cell type,morphology,tissue,disease,time (hr),concentration (ug/ml),Hydrodynamic diameter (nm),Zeta potential (mV),mcd,electronegativity,rox,radii,Valance_electron,amw,lipinskiHBA,lipinskiHBD,NumRotatableBonds,CrippenClogP,chi0v,chi1v,chi2v,hallKierAlpha,kappa1,norm_v,canc_v,Fitness
0,SKOV-3,Live/Dead,ZnO,original,Human,Human,epithelial,ovary,Adenocarcinoma,24,6.25,42.25,-17.1,2.272727273,2.545,-0.7618,1.35,8,81.389,1,0,0,-0.1213,4.082482905,1.5,0.0,0.423376623,2.423376623,85.630971204967,50.674979133862095,34.9559920711049
1,SKOV-3,NRU,Au,original,Human,Human,epithelial,ovary,Adenocarcinoma,24,7.5,83.0,10.59,0.0,2.54,1.692,1.35,11,196.967,0,0,0,-0.0025,2.46797672,0.0,0.0,0.74025974,1.74025974,103.06363795801715,72.19310271914907,30.870535238868086
2,SKOV-3,AlamarBlue,Ag,original,Human,Human,epithelial,ovary,Adenocarcinoma,20,31.6,47.3,-5.95,0.0,1.93,0.7996,1.6,11,107.868,0,0,0,-0.0025,1.78376517,0.0,0.0,0.74025974,1.74025974,73.42352810146281,46.944486780193685,26.479041321269122
3,SKOV-3,LDH,Au,original,Human,Human,epithelial,ovary,Adenocarcinoma,12,30.0,326.5,1.14,0.0,2.54,1.692,1.35,11,196.967,0,0,0,-0.0025,2.46797672,0.0,0.0,0.74025974,1.74025974,80.76842442536179,57.08871076313847,23.679713662223314
4,SKOV-3,CellTiterBlue,Pt,original,Human,Human,epithelial,ovary,Adenocarcinoma,24,17.8,39.94,-35.9,0.0,2.28,1.188,1.35,10,195.078,0,0,0,-0.0025,2.588435821,0.0,0.0,0.688311688,1.688311688,65.67281401906398,42.884411961792146,22.78840205727183
5,SKOV-3,EZ4U,Ag,original,Human,Human,epithelial,ovary,Adenocarcinoma,4,31.6,108.8,18.2,0.0,1.93,0.7996,1.6,11,107.868,0,0,0,-0.0025,1.78376517,0.0,0.0,0.74025974,1.74025974,71.13023810380272,51.147539839351964,19.98269826445076
6,SKOV-3,CCK-8,SiO2,original,Human,Human,epithelial,ovary,Adenocarcinoma,4,180.0,42.25,22.515,7.407407407,2.926666667,-1.2,1.1,16,60.084,2,0,0,-0.6184,2.316496581,1.224744871,0.0,-0.183116883,2.816883117,81.31701093425498,72.80785947784295,8.509151456412027
7,SKOV-3,XTT,Bi2O3,original,Human,Human,epithelial,ovary,Adenocarcinoma,4,8.0,546.0,-43.7,2.564102564,2.872,0.308,1.6,28,465.957,3,0,2,-1.0676,9.07331162,6.408327915,5.133333333,1.326233766,6.326233766,94.1255219557927,85.62778064361288,8.497741312179826
8,SKOV-3,EZ4U,Au,original,Human,Human,epithelial,ovary,Adenocarcinoma,4,31.6,108.8,-35.0,0.0,2.54,1.692,1.35,11,196.967,0,0,0,-0.0025,2.46797672,0.0,0.0,0.74025974,1.74025974,85.46096981729968,77.44240316840133,8.018566648898357
