,cell line,test,material,source,organism,cell type,morphology,tissue,disease,time (hr),concentration (ug/ml),Hydrodynamic diameter (nm),Zeta potential (mV),mcd,electronegativity,rox,radii,Valance_electron,amw,lipinskiHBA,lipinskiHBD,NumRotatableBonds,CrippenClogP,chi0v,chi1v,chi2v,hallKierAlpha,kappa1,norm_v,canc_v,Fitness
0,SKOV-3,AlamarBlue,ZnO,original,Human,Human,epithelial,ovary,Adenocarcinoma,24,15.625,42.25,-13.0,2.272727273,2.545,-0.7618,1.35,8,81.389,1,0,0,-0.1213,4.082482905,1.5,0.0,0.423376623,2.423376623,82.1941860008876,46.61060621546034,35.583579785427254
1,SKOV-3,AlamarBlue,Au,original,Human,Human,epithelial,ovary,Adenocarcinoma,24,5.81,33.69,15.13,0.0,2.54,1.692,1.35,11,196.967,0,0,0,-0.0025,2.46797672,0.0,0.0,0.74025974,1.74025974,90.91610993296555,62.5954053642218,28.320704568743757
2,SKOV-3,MTT,ZnO,original,Human,Human,epithelial,ovary,Adenocarcinoma,20,31.2,102.55,-28.16,2.272727273,2.545,-0.7618,1.35,8,81.389,1,0,0,-0.1213,4.082482905,1.5,0.0,0.423376623,2.423376623,72.6528989178051,45.79696615276685,26.855932765038254
3,SKOV-3,MTT,Ag,original,Human,Human,epithelial,ovary,Adenocarcinoma,20,31.2,102.55,-28.16,0.0,1.93,0.7996,1.6,11,107.868,0,0,0,-0.0025,1.78376517,0.0,0.0,0.74025974,1.74025974,73.51253389369705,49.81409403604254,23.698439857654513
4,SKOV-3,CCK-8,Ag,original,Human,Human,epithelial,ovary,Adenocarcinoma,24,72.0,33.69,7.36,0.0,1.93,0.7996,1.6,11,107.868,0,0,0,-0.0025,1.78376517,0.0,0.0,0.74025974,1.74025974,60.50003808651724,36.96528413494031,23.53475395157693
5,SKOV-3,XTT,ZnO,original,Human,Human,epithelial,ovary,Adenocarcinoma,24,43.75,114.0,-13.0,2.272727273,2.545,-0.7618,1.35,8,81.389,1,0,0,-0.1213,4.082482905,1.5,0.0,0.423376623,2.423376623,44.54517480136765,21.100519959516266,23.444654841851385
6,SKOV-3,CCK-8,Ag,original,Human,Human,epithelial,ovary,Adenocarcinoma,24,5.91,33.69,-13.0,0.0,1.93,0.7996,1.6,11,107.868,0,0,0,-0.0025,1.78376517,0.0,0.0,0.74025974,1.74025974,77.79441525128703,57.70142430939214,20.092990941894897
7,SKOV-3,WST-1,Au,original,Human,Human,epithelial,ovary,Adenocarcinoma,48,7.5,40.44,6.53,0.0,2.54,1.692,1.35,11,196.967,0,0,0,-0.0025,2.46797672,0.0,0.0,0.74025974,1.74025974,75.14635864769063,56.95493519135309,18.191423456337546
8,SKOV-3,MTS,Ag,original,Human,Human,epithelial,ovary,Adenocarcinoma,9,80.0,131.9,-6.475,0.0,1.93,0.7996,1.6,11,107.868,0,0,0,-0.0025,1.78376517,0.0,0.0,0.74025974,1.74025974,45.22404028856463,28.48353693596682,16.74050335259781
9,SKOV-3,EZ4U,Au,original,Human,Human,epithelial,ovary,Adenocarcinoma,6,15.0,46.8,-20.165,0.0,2.54,1.692,1.35,11,196.967,0,0,0,-0.0025,2.46797672,0.0,0.0,0.74025974,1.74025974,85.60222963786455,69.42328210636906,16.178947531495496
10,SKOV-3,Live/Dead,SiO2,original,Human,Human,epithelial,ovary,Adenocarcinoma,96,7.8,33.0,36.3,7.407407407,2.926666667,-1.2,1.1,16,60.084,2,0,0,-0.6184,2.316496581,1.224744871,0.0,-0.183116883,2.816883117,74.31728792850961,66.41799940367918,7.899288524830439
11,SKOV-3,CellTiterBlue,CuO,original,Human,Human,epithelial,ovary,Adenocarcinoma,6,72.0,55.6,71.7,2.298850575,2.67,0.337,1.35,17,79.545,1,0,0,-0.1213,1.651411411,0.507519219,0.0,0.319480519,2.319480519,100.92332599831563,96.7114131708219,4.211912827493734
