,cell line,test,material,source,organism,cell type,morphology,tissue,disease,time (hr),concentration (ug/ml),Hydrodynamic diameter (nm),Zeta potential (mV),mcd,electronegativity,rox,radii,Valance_electron,amw,lipinskiHBA,lipinskiHBD,NumRotatableBonds,CrippenClogP,chi0v,chi1v,chi2v,hallKierAlpha,kappa1,norm_v,canc_v,Fitness
0,SKOV-3,CytoTox-Glo,Ag,original,Human,Human,epithelial,ovary,Adenocarcinoma,20,31.6,83.0,-17.015,0.0,1.93,0.7996,1.6,11,107.868,0,0,0,-0.0025,1.78376517,0.0,0.0,0.74025974,1.74025974,52.97638078916077,29.39030300771251,23.58607778144826
1,SKOV-3,CellTiterGlo,Au,original,Human,Human,epithelial,ovary,Adenocarcinoma,20,72.0,134.645,-25.2,0.0,2.54,1.692,1.35,11,196.967,0,0,0,-0.0025,2.46797672,0.0,0.0,0.74025974,1.74025974,55.87561134525153,34.64212618133409,21.233485163917436
2,SKOV-3,CVS,Ag,original,Human,Human,epithelial,ovary,Adenocarcinoma,20,9.45,42.25,48.5,0.0,1.93,0.7996,1.6,11,107.868,0,0,0,-0.0025,1.78376517,0.0,0.0,0.74025974,1.74025974,89.37111629129967,69.44203897256376,19.929077318735906
3,SKOV-3,WST-1,Ca(HCO3)2,original,Human,Human,epithelial,ovary,Adenocarcinoma,24,13.0,39.2,26.4,2.193,2.678333,-2.866,1.8,48,162.11,6,2,0,-2.6054,6.4428963,1.263710176,0.0,-0.20025974,15.91523464,81.66248271563964,62.71913403265337,18.94334868298627
4,SKOV-3,CytoTox-Glo,Ag,original,Human,Human,epithelial,ovary,Adenocarcinoma,20,75.0,165.3,-25.2,0.0,1.93,0.7996,1.6,11,107.868,0,0,0,-0.0025,1.78376517,0.0,0.0,0.74025974,1.74025974,55.735020552174895,42.539185402784376,13.195835149390518
5,SKOV-3,NRU,Fe3O4,original,Human,Human,epithelial,ovary,Adenocarcinoma,2,5.62,13.0,-9.18,2.93255132,2.75,-0.239,1.4,48,231.531,4,0,2,-0.4323,6.006207083,2.975595179,0.708333333,0.918441558,10.82035581,116.55947396599548,106.42116456006404,10.138309405931437
6,SKOV-3,MTS,Ag,original,Human,Human,epithelial,ovary,Adenocarcinoma,96,93.64,63.6,36.3,0.0,1.93,0.7996,1.6,11,107.868,0,0,0,-0.0025,1.78376517,0.0,0.0,0.74025974,1.74025974,67.71045580418678,60.985132722059014,6.725323082127765
7,SKOV-3,MTS,Ca(HCO3)2,original,Human,Human,epithelial,ovary,Adenocarcinoma,9,43.75,30.15,25.67,2.193,2.678333,-2.866,1.8,48,162.11,6,2,0,-2.6054,6.4428963,1.263710176,0.0,-0.20025974,15.91523464,76.87699917286642,70.41973599299418,6.457263179872243
