,cell line,test,material,source,organism,cell type,morphology,tissue,disease,time (hr),concentration (ug/ml),Hydrodynamic diameter (nm),Zeta potential (mV),mcd,electronegativity,rox,radii,Valance_electron,amw,lipinskiHBA,lipinskiHBD,NumRotatableBonds,CrippenClogP,chi0v,chi1v,chi2v,hallKierAlpha,kappa1,norm_v,canc_v,Fitness
0,SKOV-3,Live/Dead,ZnO,original,Human,Human,epithelial,ovary,Adenocarcinoma,24,6.25,42.25,-17.1,2.272727273,2.545,-0.7618,1.35,8,81.389,1,0,0,-0.1213,4.082482905,1.5,0.0,0.423376623,2.423376623,85.630971204967,50.674979133862095,34.9559920711049
1,SKOV-3,MTS,Ag,original,Human,Human,epithelial,ovary,Adenocarcinoma,24,6.25,42.25,-26.23,0.0,1.93,0.7996,1.6,11,107.868,0,0,0,-0.0025,1.78376517,0.0,0.0,0.74025974,1.74025974,94.06361853575376,62.63065526332999,31.43296327242377
2,SKOV-3,Live/Dead,ZnO,original,Human,Human,epithelial,ovary,Adenocarcinoma,24,62.5,42.25,-17.1,2.272727273,2.545,-0.7618,1.35,8,81.389,1,0,0,-0.1213,4.082482905,1.5,0.0,0.423376623,2.423376623,65.93022620082566,35.51829540033513,30.41193080049053
3,SKOV-3,AlamarBlue,Au,original,Human,Human,epithelial,ovary,Adenocarcinoma,24,6.25,47.3,-5.95,0.0,2.54,1.692,1.35,11,196.967,0,0,0,-0.0025,2.46797672,0.0,0.0,0.74025974,1.74025974,94.22834563151112,65.1009707955275,29.127374835983616
4,SKOV-3,XTT,ZnO,original,Human,Human,epithelial,ovary,Adenocarcinoma,24,75.0,42.25,-16.8,2.272727273,2.545,-0.7618,1.35,8,81.389,1,0,0,-0.1213,4.082482905,1.5,0.0,0.423376623,2.423376623,67.89826124744235,42.56799808457083,25.330263162871518
5,SKOV-3,AlamarBlue,Ag,original,Human,Human,epithelial,ovary,Adenocarcinoma,6,31.6,47.3,-21.085,0.0,1.93,0.7996,1.6,11,107.868,0,0,0,-0.0025,1.78376517,0.0,0.0,0.74025974,1.74025974,78.23646297181041,53.20594226903356,25.030520702776855
6,SKOV-3,XTT,Au,original,Human,Human,epithelial,ovary,Adenocarcinoma,20,93.64,239.0,-13.56,0.0,2.54,1.692,1.35,11,196.967,0,0,0,-0.0025,2.46797672,0.0,0.0,0.74025974,1.74025974,52.785714053721954,36.760617175397115,16.025096878324838
7,SKOV-3,CCK-8,TiO2,original,Human,Human,epithelial,ovary,Adenocarcinoma,20,64.0,39.2,-7.21,5.369127517,2.806666667,-0.93,1.4,16,79.865,2,0,0,-0.2401,2.878049394,1.683250823,0.0,0.314285714,3.314285714,86.59155523542375,73.65644916951153,12.935106065912223
8,SKOV-3,WST-1,Au,original,Human,Human,epithelial,ovary,Adenocarcinoma,4,35.0,19.1,54.3,0.0,2.54,1.692,1.35,11,196.967,0,0,0,-0.0025,2.46797672,0.0,0.0,0.74025974,1.74025974,77.02138566010632,65.35618296681992,11.665202693286403
