,cell line,test,material,source,organism,cell type,morphology,tissue,disease,time (hr),concentration (ug/ml),Hydrodynamic diameter (nm),Zeta potential (mV),mcd,electronegativity,rox,radii,Valance_electron,amw,lipinskiHBA,lipinskiHBD,NumRotatableBonds,CrippenClogP,chi0v,chi1v,chi2v,hallKierAlpha,kappa1,norm_v,canc_v,Fitness
0,SKOV-3,CytoTox-Glo,Ag,original,Human,Human,epithelial,ovary,Adenocarcinoma,20,31.6,42.3,-17.015,0.0,1.93,0.7996,1.6,11,107.868,0,0,0,-0.0025,1.78376517,0.0,0.0,0.74025974,1.74025974,79.19971082764766,55.534508540445806,23.665202287201858
1,SKOV-3,NRU,Pt,original,Human,Human,epithelial,ovary,Adenocarcinoma,9,50.0,134.645,-7.455,0.0,2.28,1.188,1.35,10,195.078,0,0,0,-0.0025,2.588435821,0.0,0.0,0.688311688,1.688311688,69.80393813848593,48.013914662399,21.79002347608693
2,SKOV-3,NRU,Pt,original,Human,Human,epithelial,ovary,Adenocarcinoma,9,50.0,165.3,-7.455,0.0,2.28,1.188,1.35,10,195.078,0,0,0,-0.0025,2.588435821,0.0,0.0,0.688311688,1.688311688,65.35271143910867,44.569070132085855,20.78364130702282
3,SKOV-3,LDH,Ag,original,Human,Human,epithelial,ovary,Adenocarcinoma,20,13.0,42.3,-25.0,0.0,1.93,0.7996,1.6,11,107.868,0,0,0,-0.0025,1.78376517,0.0,0.0,0.74025974,1.74025974,90.7279134137147,70.68246638223934,20.045447031475362
4,SKOV-3,MTT,Ca(HCO3)2,original,Human,Human,epithelial,ovary,Adenocarcinoma,20,8.0,78.3,-20.51,2.193,2.678333,-2.866,1.8,48,162.11,6,2,0,-2.6054,6.4428963,1.263710176,0.0,-0.20025974,15.91523464,82.49707489519976,63.34943901703404,19.147635878165723
5,SKOV-3,CytoTox-Glo,Ag,original,Human,Human,epithelial,ovary,Adenocarcinoma,24,62.5,17.4,71.7,0.0,1.93,0.7996,1.6,11,107.868,0,0,0,-0.0025,1.78376517,0.0,0.0,0.74025974,1.74025974,68.91335510616113,51.20456877194092,17.708786334220214
6,SKOV-3,WST-1,Ag,original,Human,Human,epithelial,ovary,Adenocarcinoma,20,140.5,39.7,-37.9,0.0,1.93,0.7996,1.6,11,107.868,0,0,0,-0.0025,1.78376517,0.0,0.0,0.74025974,1.74025974,90.36535297605602,73.14516994029646,17.22018303575956
7,SKOV-3,CCK-8,ZnO,original,Human,Human,epithelial,ovary,Adenocarcinoma,24,62.5,17.4,71.7,2.272727273,2.545,-0.7618,1.35,8,81.389,1,0,0,-0.1213,4.082482905,1.5,0.0,0.423376623,2.423376623,76.16042276369824,59.94072132833715,16.219701435361088
8,SKOV-3,WST-1,Ag,original,Human,Human,epithelial,ovary,Adenocarcinoma,12,9.0,141.0,-36.25,0.0,1.93,0.7996,1.6,11,107.868,0,0,0,-0.0025,1.78376517,0.0,0.0,0.74025974,1.74025974,87.42412507623374,71.21929878544265,16.20482629079109
9,SKOV-3,LDH,Pt,original,Human,Human,epithelial,ovary,Adenocarcinoma,2,15.6,187.35,-16.95,0.0,2.28,1.188,1.35,10,195.078,0,0,0,-0.0025,2.588435821,0.0,0.0,0.688311688,1.688311688,89.24157460404098,76.62137598596351,12.620198618077467
