,cell line,test,material,source,organism,cell type,morphology,tissue,disease,time (hr),concentration (ug/ml),Hydrodynamic diameter (nm),Zeta potential (mV),mcd,electronegativity,rox,radii,Valance_electron,amw,lipinskiHBA,lipinskiHBD,NumRotatableBonds,CrippenClogP,chi0v,chi1v,chi2v,hallKierAlpha,kappa1,norm_v,canc_v,Fitness
0,SKOV-3,AlamarBlue,ZnO,original,Human,Human,epithelial,ovary,Adenocarcinoma,24,15.625,42.25,-13.0,2.272727273,2.545,-0.7618,1.35,8,81.389,1,0,0,-0.1213,4.082482905,1.5,0.0,0.423376623,2.423376623,82.1941860008876,46.61060621546034,35.583579785427254
1,SKOV-3,AlamarBlue,Au,original,Human,Human,epithelial,ovary,Adenocarcinoma,24,5.81,53.7,39.64,0.0,2.54,1.692,1.35,11,196.967,0,0,0,-0.0025,2.46797672,0.0,0.0,0.74025974,1.74025974,99.61269245048844,71.08292133758928,28.529771112899155
2,SKOV-3,MTS,Au,original,Human,Human,epithelial,ovary,Adenocarcinoma,24,5.46,17.2,-42.7,0.0,2.54,1.692,1.35,11,196.967,0,0,0,-0.0025,2.46797672,0.0,0.0,0.74025974,1.74025974,102.68043026531184,75.85419389714455,26.826236368167287
3,SKOV-3,NRU,ZnO,original,Human,Human,epithelial,ovary,Adenocarcinoma,9,31.2,102.55,-28.16,2.272727273,2.545,-0.7618,1.35,8,81.389,1,0,0,-0.1213,4.082482905,1.5,0.0,0.423376623,2.423376623,80.24908838387293,55.455542094574696,24.793546289298234
4,SKOV-3,EZ4U,ZnO,original,Human,Human,epithelial,ovary,Adenocarcinoma,20,62.5,55.8,-17.86,2.272727273,2.545,-0.7618,1.35,8,81.389,1,0,0,-0.1213,4.082482905,1.5,0.0,0.423376623,2.423376623,68.40427844709048,44.22645914973935,24.177819297351128
5,SKOV-3,AlamarBlue,Ag,original,Human,Human,epithelial,ovary,Adenocarcinoma,9,80.0,141.0,-20.75,0.0,1.93,0.7996,1.6,11,107.868,0,0,0,-0.0025,1.78376517,0.0,0.0,0.74025974,1.74025974,63.98589854422674,44.85526280148957,19.13063574273717
6,SKOV-3,MTS,ZnO,original,Human,Human,epithelial,ovary,Adenocarcinoma,6,5.91,12.5,-20.75,2.272727273,2.545,-0.7618,1.35,8,81.389,1,0,0,-0.1213,4.082482905,1.5,0.0,0.423376623,2.423376623,110.84382602706624,93.31509842264838,17.528727604417867
7,SKOV-3,CellTiterGlo,Au,original,Human,Human,epithelial,ovary,Adenocarcinoma,2,28.9,161.4,15.13,0.0,2.54,1.692,1.35,11,196.967,0,0,0,-0.0025,2.46797672,0.0,0.0,0.74025974,1.74025974,87.40131749144184,70.83680456193088,16.56451292951097
8,SKOV-3,NRU,Pt,original,Human,Human,epithelial,ovary,Adenocarcinoma,3,60.0,27.5,-28.16,0.0,2.28,1.188,1.35,10,195.078,0,0,0,-0.0025,2.588435821,0.0,0.0,0.688311688,1.688311688,82.46635883273613,67.9100761871915,14.556282645544627
9,SKOV-3,XTT,SiO2,original,Human,Human,epithelial,ovary,Adenocarcinoma,72,36.0,102.55,-26.23,7.407407407,2.926666667,-1.2,1.1,16,60.084,2,0,0,-0.6184,2.316496581,1.224744871,0.0,-0.183116883,2.816883117,62.611653239258374,48.72090395432316,13.890749284935211
10,SKOV-3,XTT,ZnO,original,Human,Human,epithelial,ovary,Adenocarcinoma,6,15.6,12.5,39.64,2.272727273,2.545,-0.7618,1.35,8,81.389,1,0,0,-0.1213,4.082482905,1.5,0.0,0.423376623,2.423376623,108.32779864714189,97.49452655065726,10.833272096484635
11,SKOV-3,CellTiterBlue,C,original,Human,Human,epithelial,ovary,Adenocarcinoma,9,62.5,158.75,-16.86,0.0,2.55,0.0,0.7,4,12.011,0,0,0,0.08129,0.5,0.0,0.0,0.0,0.0,83.49853472391744,76.70121026775006,6.797324456167388
