,cell line,test,material,source,organism,cell type,morphology,tissue,disease,time (hr),concentration (ug/ml),Hydrodynamic diameter (nm),Zeta potential (mV),mcd,electronegativity,rox,radii,Valance_electron,amw,lipinskiHBA,lipinskiHBD,NumRotatableBonds,CrippenClogP,chi0v,chi1v,chi2v,hallKierAlpha,kappa1,norm_v,canc_v,Fitness
0,SKOV-3,Live/Dead,ZnO,original,Human,Human,epithelial,ovary,Adenocarcinoma,24,6.25,42.25,-17.1,2.272727273,2.545,-0.7618,1.35,8,81.389,1,0,0,-0.1213,4.082482905,1.5,0.0,0.423376623,2.423376623,85.630971204967,50.674979133862095,34.9559920711049
1,SKOV-3,AlamarBlue,Ag,original,Human,Human,epithelial,ovary,Adenocarcinoma,20,31.6,47.3,-5.95,0.0,1.93,0.7996,1.6,11,107.868,0,0,0,-0.0025,1.78376517,0.0,0.0,0.74025974,1.74025974,73.42352810146281,46.944486780193685,26.479041321269122
2,SKOV-3,AlamarBlue,Au,original,Human,Human,epithelial,ovary,Adenocarcinoma,9,31.6,47.3,-5.95,0.0,2.54,1.692,1.35,11,196.967,0,0,0,-0.0025,2.46797672,0.0,0.0,0.74025974,1.74025974,78.96447653911211,54.58967486695694,24.374801672155172
3,SKOV-3,AlamarBlue,Ag,original,Human,Human,epithelial,ovary,Adenocarcinoma,6,7.8125,38.8,-29.01,0.0,1.93,0.7996,1.6,11,107.868,0,0,0,-0.0025,1.78376517,0.0,0.0,0.74025974,1.74025974,100.04792941732065,76.99607280013392,23.05185661718673
4,SKOV-3,XTT,ZnO,original,Human,Human,epithelial,ovary,Adenocarcinoma,20,17.8,42.5,-22.95,2.272727273,2.545,-0.7618,1.35,8,81.389,1,0,0,-0.1213,4.082482905,1.5,0.0,0.423376623,2.423376623,94.03086888211932,71.23325481417591,22.797614067943414
5,SKOV-3,XTT,Pt,original,Human,Human,epithelial,ovary,Adenocarcinoma,12,6.25,141.0,-31.215,0.0,2.28,1.188,1.35,10,195.078,0,0,0,-0.0025,2.588435821,0.0,0.0,0.688311688,1.688311688,81.6880521476523,60.513226725307554,21.174825422344746
6,SKOV-3,AlamarBlue,Ag,original,Human,Human,epithelial,ovary,Adenocarcinoma,6,7.8125,47.3,-29.01,0.0,1.93,0.7996,1.6,11,107.868,0,0,0,-0.0025,1.78376517,0.0,0.0,0.74025974,1.74025974,94.34319969483283,78.44013335253608,15.903066342296754
7,SKOV-3,LDH,Ag,original,Human,Human,epithelial,ovary,Adenocarcinoma,6,125.0,38.8,-26.5,0.0,1.93,0.7996,1.6,11,107.868,0,0,0,-0.0025,1.78376517,0.0,0.0,0.74025974,1.74025974,80.79478312023814,67.1523724717768,13.642410648461336
8,SKOV-3,CytoTox-Glo,Au,original,Human,Human,epithelial,ovary,Adenocarcinoma,72,75.0,302.75,-24.66,0.0,2.54,1.692,1.35,11,196.967,0,0,0,-0.0025,2.46797672,0.0,0.0,0.74025974,1.74025974,56.89120942894539,44.38256010263797,12.50864932630742
