,cell line,test,material,source,organism,cell type,morphology,tissue,disease,time (hr),concentration (ug/ml),Hydrodynamic diameter (nm),Zeta potential (mV),mcd,electronegativity,rox,radii,Valance_electron,amw,lipinskiHBA,lipinskiHBD,NumRotatableBonds,CrippenClogP,chi0v,chi1v,chi2v,hallKierAlpha,kappa1,norm_v,canc_v,Fitness
0,SKOV-3,CytoTox-Glo,Ag,original,Human,Human,epithelial,ovary,Adenocarcinoma,20,31.6,42.3,-17.015,0.0,1.93,0.7996,1.6,11,107.868,0,0,0,-0.0025,1.78376517,0.0,0.0,0.74025974,1.74025974,79.19971082764766,55.534508540445806,23.665202287201858
1,SKOV-3,CellTiterGlo,Au,original,Human,Human,epithelial,ovary,Adenocarcinoma,20,72.0,134.645,-25.2,0.0,2.54,1.692,1.35,11,196.967,0,0,0,-0.0025,2.46797672,0.0,0.0,0.74025974,1.74025974,55.87561134525153,34.64212618133409,21.233485163917436
2,SKOV-3,CVS,Ag,original,Human,Human,epithelial,ovary,Adenocarcinoma,20,9.45,42.25,48.5,0.0,1.93,0.7996,1.6,11,107.868,0,0,0,-0.0025,1.78376517,0.0,0.0,0.74025974,1.74025974,89.37111629129967,69.44203897256376,19.929077318735906
3,SKOV-3,WST-1,Ca(HCO3)2,original,Human,Human,epithelial,ovary,Adenocarcinoma,24,13.0,39.2,26.4,2.193,2.678333,-2.866,1.8,48,162.11,6,2,0,-2.6054,6.4428963,1.263710176,0.0,-0.20025974,15.91523464,81.66248271563964,62.71913403265337,18.94334868298627
4,SKOV-3,WST-1,Ag,original,Human,Human,epithelial,ovary,Adenocarcinoma,72,140.5,39.7,-37.9,0.0,1.93,0.7996,1.6,11,107.868,0,0,0,-0.0025,1.78376517,0.0,0.0,0.74025974,1.74025974,87.10011125493571,71.23415378133521,15.865957473600503
5,SKOV-3,XTT,Pt,original,Human,Human,epithelial,ovary,Adenocarcinoma,72,30.0,161.7,-38.95,0.0,2.28,1.188,1.35,10,195.078,0,0,0,-0.0025,2.588435821,0.0,0.0,0.688311688,1.688311688,35.073200894450416,19.8806711625854,15.192529731865015
6,SKOV-3,CellTiterGlo,SiO2,original,Human,Human,epithelial,ovary,Adenocarcinoma,9,17.8,42.3,-24.75,7.407407407,2.926666667,-1.2,1.1,16,60.084,2,0,0,-0.6184,2.316496581,1.224744871,0.0,-0.183116883,2.816883117,93.34999523634053,78.17208742321026,15.177907813130275
7,SKOV-3,XTT,Pt,original,Human,Human,epithelial,ovary,Adenocarcinoma,72,30.0,42.3,-38.95,0.0,2.28,1.188,1.35,10,195.078,0,0,0,-0.0025,2.588435821,0.0,0.0,0.688311688,1.688311688,56.08809356872574,45.82789526752715,10.260198301198592
8,SKOV-3,XTT,Fe3O4,original,Human,Human,epithelial,ovary,Adenocarcinoma,3,31.25,240.85,51.55,2.93255132,2.75,-0.239,1.4,48,231.531,4,0,2,-0.4323,6.006207083,2.975595179,0.708333333,0.918441558,10.82035581,88.09735165959114,84.63683543676753,3.460516222823614
