,cell line,test,material,source,organism,cell type,morphology,tissue,disease,time (hr),concentration (ug/ml),Hydrodynamic diameter (nm),Zeta potential (mV),mcd,electronegativity,rox,radii,Valance_electron,amw,lipinskiHBA,lipinskiHBD,NumRotatableBonds,CrippenClogP,chi0v,chi1v,chi2v,hallKierAlpha,kappa1,norm_v,canc_v,Fitness
0,SKOV-3,Live/Dead,ZnO,original,Human,Human,epithelial,ovary,Adenocarcinoma,24,6.25,42.25,-17.1,2.272727273,2.545,-0.7618,1.35,8,81.389,1,0,0,-0.1213,4.082482905,1.5,0.0,0.423376623,2.423376623,85.630971204967,50.674979133862095,34.9559920711049
1,SKOV-3,NRU,Pt,original,Human,Human,epithelial,ovary,Adenocarcinoma,24,7.5,200.0,10.59,0.0,2.28,1.188,1.35,10,195.078,0,0,0,-0.0025,2.588435821,0.0,0.0,0.688311688,1.688311688,95.25401932190522,68.65601902901435,26.598000292890873
2,SKOV-3,AlamarBlue,Ag,original,Human,Human,epithelial,ovary,Adenocarcinoma,20,31.6,47.3,-5.95,0.0,1.93,0.7996,1.6,11,107.868,0,0,0,-0.0025,1.78376517,0.0,0.0,0.74025974,1.74025974,73.42352810146281,46.944486780193685,26.479041321269122
3,SKOV-3,LDH,Au,original,Human,Human,epithelial,ovary,Adenocarcinoma,12,30.0,326.5,1.14,0.0,2.54,1.692,1.35,11,196.967,0,0,0,-0.0025,2.46797672,0.0,0.0,0.74025974,1.74025974,80.76842442536179,57.08871076313847,23.679713662223314
4,SKOV-3,EZ4U,Ag,original,Human,Human,epithelial,ovary,Adenocarcinoma,4,31.6,108.8,18.2,0.0,1.93,0.7996,1.6,11,107.868,0,0,0,-0.0025,1.78376517,0.0,0.0,0.74025974,1.74025974,71.13023810380272,51.147539839351964,19.98269826445076
5,SKOV-3,CCK-8,Au,original,Human,Human,epithelial,ovary,Adenocarcinoma,20,43.75,63.6,-17.015,0.0,2.54,1.692,1.35,11,196.967,0,0,0,-0.0025,2.46797672,0.0,0.0,0.74025974,1.74025974,70.32208346100948,53.808357950383574,16.51372551062591
6,SKOV-3,LDH,Au,original,Human,Human,epithelial,ovary,Adenocarcinoma,4,31.6,108.8,18.2,0.0,2.54,1.692,1.35,11,196.967,0,0,0,-0.0025,2.46797672,0.0,0.0,0.74025974,1.74025974,71.12138006015287,60.36732749401882,10.754052566134057
7,SKOV-3,WST-1,NiO,original,Human,Human,epithelial,ovary,Adenocarcinoma,6,7.2,164.065,41.52,2.702702703,2.675,-0.25,1.35,16,74.692,1,0,0,-0.1213,1.712088772,0.532290647,0.0,0.293506494,2.293506494,96.37107680521406,87.66393735123133,8.707139453982734
