,cell line,test,material,source,organism,cell type,morphology,tissue,disease,time (hr),concentration (ug/ml),Hydrodynamic diameter (nm),Zeta potential (mV),mcd,electronegativity,rox,radii,Valance_electron,amw,lipinskiHBA,lipinskiHBD,NumRotatableBonds,CrippenClogP,chi0v,chi1v,chi2v,hallKierAlpha,kappa1,norm_v,canc_v,Fitness
0,SKOV-3,Live/Dead,ZnO,original,Human,Human,epithelial,ovary,Adenocarcinoma,24,6.25,42.25,-17.1,2.272727273,2.545,-0.7618,1.35,8,81.389,1,0,0,-0.1213,4.082482905,1.5,0.0,0.423376623,2.423376623,85.630971204967,50.674979133862095,34.9559920711049
1,SKOV-3,NRU,Ag,original,Human,Human,epithelial,ovary,Adenocarcinoma,24,6.25,42.25,-26.23,0.0,1.93,0.7996,1.6,11,107.868,0,0,0,-0.0025,1.78376517,0.0,0.0,0.74025974,1.74025974,99.15642893239186,68.04026377431047,31.116165158081387
2,SKOV-3,AlamarBlue,Au,original,Human,Human,epithelial,ovary,Adenocarcinoma,24,31.6,47.3,-5.95,0.0,2.54,1.692,1.35,11,196.967,0,0,0,-0.0025,2.46797672,0.0,0.0,0.74025974,1.74025974,59.12614315172976,31.52565248707529,27.600490664654465
3,SKOV-3,AlamarBlue,Ag,original,Human,Human,epithelial,ovary,Adenocarcinoma,6,31.6,47.3,-29.01,0.0,1.93,0.7996,1.6,11,107.868,0,0,0,-0.0025,1.78376517,0.0,0.0,0.74025974,1.74025974,78.23646297181041,53.20594226903356,25.030520702776855
4,SKOV-3,Live/Dead,Pt,original,Human,Human,epithelial,ovary,Adenocarcinoma,96,160.0,145.45,45.12,0.0,2.28,1.188,1.35,10,195.078,0,0,0,-0.0025,2.588435821,0.0,0.0,0.688311688,1.688311688,54.636796765511875,38.77806629417833,15.858730471333544
5,SKOV-3,CCK-8,Ca(HCO3)2,original,Human,Human,epithelial,ovary,Adenocarcinoma,96,6.25,100.33,-8.1,2.193,2.678333,-2.866,1.8,48,162.11,6,2,0,-2.6054,6.4428963,1.263710176,0.0,-0.20025974,15.91523464,74.90866922853061,63.02391527211657,11.884753956414045
6,SKOV-3,LDH,SiO2,original,Human,Human,epithelial,ovary,Adenocarcinoma,20,5.91,18.4,-6.73,7.407407407,2.926666667,-1.2,1.1,16,60.084,2,0,0,-0.6184,2.316496581,1.224744871,0.0,-0.183116883,2.816883117,96.16695649122117,90.5611225032518,5.605833987969376
7,SKOV-3,CCK-8,SiO2,original,Human,Human,epithelial,ovary,Adenocarcinoma,96,6.25,100.33,-6.73,7.407407407,2.926666667,-1.2,1.1,16,60.084,2,0,0,-0.6184,2.316496581,1.224744871,0.0,-0.183116883,2.816883117,70.04172601191323,65.04255104897511,4.999174962938113
8,SKOV-3,CellTiterBlue,Fe3O4,original,Human,Human,epithelial,ovary,Adenocarcinoma,72,5.62,18.3,-31.5,2.93255132,2.75,-0.239,1.4,48,231.531,4,0,2,-0.4323,6.006207083,2.975595179,0.708333333,0.918441558,10.82035581,72.97809218096627,71.32120285145673,1.6568893295095393
