,cell line,test,material,source,organism,cell type,morphology,tissue,disease,time (hr),concentration (ug/ml),Hydrodynamic diameter (nm),Zeta potential (mV),mcd,electronegativity,rox,radii,Valance_electron,amw,lipinskiHBA,lipinskiHBD,NumRotatableBonds,CrippenClogP,chi0v,chi1v,chi2v,hallKierAlpha,kappa1,norm_v,canc_v,Fitness
0,SKOV-3,AlamarBlue,ZnO,original,Human,Human,epithelial,ovary,Adenocarcinoma,24,7.5,42.25,-13.0,2.272727273,2.545,-0.7618,1.35,8,81.389,1,0,0,-0.1213,4.082482905,1.5,0.0,0.423376623,2.423376623,87.2531403986498,51.54856582863599,35.70457457001382
1,SKOV-3,Live/Dead,ZnO,original,Human,Human,epithelial,ovary,Adenocarcinoma,9,30.6,42.25,-23.19,2.272727273,2.545,-0.7618,1.35,8,81.389,1,0,0,-0.1213,4.082482905,1.5,0.0,0.423376623,2.423376623,91.56594554178753,66.84508052420098,24.720865017586547
2,SKOV-3,CCK-8,Au,original,Human,Human,epithelial,ovary,Adenocarcinoma,12,62.5,47.0,-33.35,0.0,2.54,1.692,1.35,11,196.967,0,0,0,-0.0025,2.46797672,0.0,0.0,0.74025974,1.74025974,77.6396434630802,54.73613147304547,22.903511990034737
3,SKOV-3,Live/Dead,Ag,original,Human,Human,epithelial,ovary,Adenocarcinoma,9,40.0,13.0,-34.1,0.0,1.93,0.7996,1.6,11,107.868,0,0,0,-0.0025,1.78376517,0.0,0.0,0.74025974,1.74025974,89.44188279886136,67.33286062476287,22.109022174098484
4,SKOV-3,CellTiterGlo,Ag,original,Human,Human,epithelial,ovary,Adenocarcinoma,9,62.5,145.45,11.0,0.0,1.93,0.7996,1.6,11,107.868,0,0,0,-0.0025,1.78376517,0.0,0.0,0.74025974,1.74025974,70.41771066866701,51.458994310083895,18.958716358583118
5,SKOV-3,AlamarBlue,ZnO,original,Human,Human,epithelial,ovary,Adenocarcinoma,24,474.1,42.25,-13.0,2.272727273,2.545,-0.7618,1.35,8,81.389,1,0,0,-0.1213,4.082482905,1.5,0.0,0.423376623,2.423376623,62.328534893251,44.21447372768156,18.114061165569446
6,SKOV-3,LDH,Au,original,Human,Human,epithelial,ovary,Adenocarcinoma,3,6.25,126.45,-9.64,0.0,2.54,1.692,1.35,11,196.967,0,0,0,-0.0025,2.46797672,0.0,0.0,0.74025974,1.74025974,108.07235328678267,90.0056531797535,18.066700107029178
7,SKOV-3,CytoTox-Glo,Pt,original,Human,Human,epithelial,ovary,Adenocarcinoma,9,5.91,171.05,-7.8,0.0,2.28,1.188,1.35,10,195.078,0,0,0,-0.0025,2.588435821,0.0,0.0,0.688311688,1.688311688,86.73716498524571,69.2412961375506,17.495868847695107
8,SKOV-3,AlamarBlue,ZnO,original,Human,Human,epithelial,ovary,Adenocarcinoma,72,6.25,42.25,-13.0,2.272727273,2.545,-0.7618,1.35,8,81.389,1,0,0,-0.1213,4.082482905,1.5,0.0,0.423376623,2.423376623,74.09647227937852,56.96856530181018,17.127906977568337
9,SKOV-3,Live/Dead,Ag,original,Human,Human,epithelial,ovary,Adenocarcinoma,4,160.0,171.05,-3.85,0.0,1.93,0.7996,1.6,11,107.868,0,0,0,-0.0025,1.78376517,0.0,0.0,0.74025974,1.74025974,48.26981003019272,31.821083022684867,16.448727007507856
10,SKOV-3,CytoTox-Glo,Pt,original,Human,Human,epithelial,ovary,Adenocarcinoma,48,7.5,55.8,-27.06,0.0,2.28,1.188,1.35,10,195.078,0,0,0,-0.0025,2.588435821,0.0,0.0,0.688311688,1.688311688,90.09378102841411,73.71254165475516,16.381239373658957
11,SKOV-3,CellTiterGlo,ZnO,original,Human,Human,epithelial,ovary,Adenocarcinoma,2,15.6,20.12,-16.9,2.272727273,2.545,-0.7618,1.35,8,81.389,1,0,0,-0.1213,4.082482905,1.5,0.0,0.423376623,2.423376623,86.52429357597202,70.6265278437495,15.897765732222524
12,SKOV-3,Live/Dead,Ag,original,Human,Human,epithelial,ovary,Adenocarcinoma,3,600.0,30.09,26.65,0.0,1.93,0.7996,1.6,11,107.868,0,0,0,-0.0025,1.78376517,0.0,0.0,0.74025974,1.74025974,74.23099745328787,65.06651869229442,9.164478760993447
13,SKOV-3,CCK-8,NiO,original,Human,Human,epithelial,ovary,Adenocarcinoma,9,15.6,17.5,-25.1,2.702702703,2.675,-0.25,1.35,16,74.692,1,0,0,-0.1213,1.712088772,0.532290647,0.0,0.293506494,2.293506494,104.12916935144561,96.35126003360817,7.777909317837441
