,cell line,test,material,source,organism,cell type,morphology,tissue,disease,time (hr),concentration (ug/ml),Hydrodynamic diameter (nm),Zeta potential (mV),mcd,electronegativity,rox,radii,Valance_electron,amw,lipinskiHBA,lipinskiHBD,NumRotatableBonds,CrippenClogP,chi0v,chi1v,chi2v,hallKierAlpha,kappa1,norm_v,canc_v,Fitness
0,SKOV-3,LDH,Ag,original,Human,Human,epithelial,ovary,Adenocarcinoma,20,62.5,42.3,-25.0,0.0,1.93,0.7996,1.6,11,107.868,0,0,0,-0.0025,1.78376517,0.0,0.0,0.74025974,1.74025974,77.15567733619206,52.965256420606345,24.19042091558571
1,SKOV-3,MTT,Ag,original,Human,Human,epithelial,ovary,Adenocarcinoma,20,7.5,78.3,-20.51,0.0,1.93,0.7996,1.6,11,107.868,0,0,0,-0.0025,1.78376517,0.0,0.0,0.74025974,1.74025974,96.37707113624958,72.25239923059301,24.12467190565657
2,SKOV-3,CytoTox-Glo,Ag,original,Human,Human,epithelial,ovary,Adenocarcinoma,20,31.6,83.0,-17.015,0.0,1.93,0.7996,1.6,11,107.868,0,0,0,-0.0025,1.78376517,0.0,0.0,0.74025974,1.74025974,52.97638078916077,29.39030300771251,23.58607778144826
3,SKOV-3,NRU,Pt,original,Human,Human,epithelial,ovary,Adenocarcinoma,9,50.0,134.645,-10.75,0.0,2.28,1.188,1.35,10,195.078,0,0,0,-0.0025,2.588435821,0.0,0.0,0.688311688,1.688311688,69.80393813848593,48.013914662399,21.79002347608693
4,SKOV-3,CytoTox-Glo,Ag,original,Human,Human,epithelial,ovary,Adenocarcinoma,24,62.5,17.4,71.7,0.0,1.93,0.7996,1.6,11,107.868,0,0,0,-0.0025,1.78376517,0.0,0.0,0.74025974,1.74025974,68.91335510616113,51.20456877194092,17.708786334220214
5,SKOV-3,Live/Dead,Pt,original,Human,Human,epithelial,ovary,Adenocarcinoma,96,20.0,126.45,-57.5,0.0,2.28,1.188,1.35,10,195.078,0,0,0,-0.0025,2.588435821,0.0,0.0,0.688311688,1.688311688,57.70704306311596,47.72931260540884,9.977730457707118
6,SKOV-3,CCK-8,Fe3O4,original,Human,Human,epithelial,ovary,Adenocarcinoma,9,360.0,141.0,45.12,2.93255132,2.75,-0.239,1.4,48,231.531,4,0,2,-0.4323,6.006207083,2.975595179,0.708333333,0.918441558,10.82035581,62.564654937130584,54.341908331574594,8.22274660555599
