,cell line,test,material,source,organism,cell type,morphology,tissue,disease,time (hr),concentration (ug/ml),Hydrodynamic diameter (nm),Zeta potential (mV),mcd,electronegativity,rox,radii,Valance_electron,amw,lipinskiHBA,lipinskiHBD,NumRotatableBonds,CrippenClogP,chi0v,chi1v,chi2v,hallKierAlpha,kappa1,norm_v,canc_v,Fitness
0,SKOV-3,CytoTox-Glo,Ag,original,Human,Human,epithelial,ovary,Adenocarcinoma,24,6.25,42.25,-17.1,0.0,1.93,0.7996,1.6,11,107.868,0,0,0,-0.0025,1.78376517,0.0,0.0,0.74025974,1.74025974,92.37596020954568,62.11869349980177,30.25726670974391
1,SKOV-3,MTS,ZnO,original,Human,Human,epithelial,ovary,Adenocarcinoma,20,36.0,46.8,-53.9,2.272727273,2.545,-0.7618,1.35,8,81.389,1,0,0,-0.1213,4.082482905,1.5,0.0,0.423376623,2.423376623,73.932380004753,45.28227036836539,28.65010963638761
2,SKOV-3,CellTiterBlue,Ag,original,Human,Human,epithelial,ovary,Adenocarcinoma,24,5.46,150.0,-25.3,0.0,1.93,0.7996,1.6,11,107.868,0,0,0,-0.0025,1.78376517,0.0,0.0,0.74025974,1.74025974,98.26649396863851,72.93435779376144,25.33213617487708
3,SKOV-3,CytoTox-Glo,Au,original,Human,Human,epithelial,ovary,Adenocarcinoma,24,7.8,15.84,-5.95,0.0,2.54,1.692,1.35,11,196.967,0,0,0,-0.0025,2.46797672,0.0,0.0,0.74025974,1.74025974,107.44663635856394,84.56373475241409,22.882901606149844
4,SKOV-3,CellTiterGlo,ZnO,original,Human,Human,epithelial,ovary,Adenocarcinoma,20,7.8,47.3,-5.95,2.272727273,2.545,-0.7618,1.35,8,81.389,1,0,0,-0.1213,4.082482905,1.5,0.0,0.423376623,2.423376623,90.65286323936135,69.24443270237751,21.408430536983843
5,SKOV-3,XTT,ZnO,original,Human,Human,epithelial,ovary,Adenocarcinoma,20,5.81,28.33,31.38,2.272727273,2.545,-0.7618,1.35,8,81.389,1,0,0,-0.1213,4.082482905,1.5,0.0,0.423376623,2.423376623,97.03001266477051,76.80693691026725,20.223075754503256
6,SKOV-3,XTT,ZnO,original,Human,Human,epithelial,ovary,Adenocarcinoma,20,5.81,46.8,31.38,2.272727273,2.545,-0.7618,1.35,8,81.389,1,0,0,-0.1213,4.082482905,1.5,0.0,0.423376623,2.423376623,86.48126335774135,66.57016790199508,19.911095455746278
7,SKOV-3,AlamarBlue,SiO2,original,Human,Human,epithelial,ovary,Adenocarcinoma,3,20.0,250.0,-5.7,7.407407407,2.926666667,-1.2,1.1,16,60.084,2,0,0,-0.6184,2.316496581,1.224744871,0.0,-0.183116883,2.816883117,93.97977025843679,83.66269451244685,10.31707574598994
8,SKOV-3,Live/Dead,ZnO,original,Human,Human,epithelial,ovary,Adenocarcinoma,48,800.0,194.2,-13.56,2.272727273,2.545,-0.7618,1.35,8,81.389,1,0,0,-0.1213,4.082482905,1.5,0.0,0.423376623,2.423376623,41.401379188801585,37.0752828103129,4.3260963784886854
