,cell line,test,material,source,organism,cell type,morphology,tissue,disease,time (hr),concentration (ug/ml),Hydrodynamic diameter (nm),Zeta potential (mV),mcd,electronegativity,rox,radii,Valance_electron,amw,lipinskiHBA,lipinskiHBD,NumRotatableBonds,CrippenClogP,chi0v,chi1v,chi2v,hallKierAlpha,kappa1,norm_v,canc_v,Fitness
0,SKOV-3,Live/Dead,ZnO,original,Human,Human,epithelial,ovary,Adenocarcinoma,24,6.25,42.25,-17.1,2.272727273,2.545,-0.7618,1.35,8,81.389,1,0,0,-0.1213,4.082482905,1.5,0.0,0.423376623,2.423376623,85.630971204967,50.674979133862095,34.9559920711049
1,SKOV-3,NRU,Ag,original,Human,Human,epithelial,ovary,Adenocarcinoma,24,6.25,42.25,-26.23,0.0,1.93,0.7996,1.6,11,107.868,0,0,0,-0.0025,1.78376517,0.0,0.0,0.74025974,1.74025974,99.15642893239186,68.04026377431047,31.116165158081387
2,SKOV-3,AlamarBlue,Au,original,Human,Human,epithelial,ovary,Adenocarcinoma,24,31.6,47.3,-5.95,0.0,2.54,1.692,1.35,11,196.967,0,0,0,-0.0025,2.46797672,0.0,0.0,0.74025974,1.74025974,59.12614315172976,31.52565248707529,27.600490664654465
3,SKOV-3,AlamarBlue,Ag,original,Human,Human,epithelial,ovary,Adenocarcinoma,6,31.6,47.3,-29.01,0.0,1.93,0.7996,1.6,11,107.868,0,0,0,-0.0025,1.78376517,0.0,0.0,0.74025974,1.74025974,78.23646297181041,53.20594226903356,25.030520702776855
4,SKOV-3,XTT,ZnO,original,Human,Human,epithelial,ovary,Adenocarcinoma,24,210.7,15.84,-12.25,2.272727273,2.545,-0.7618,1.35,8,81.389,1,0,0,-0.1213,4.082482905,1.5,0.0,0.423376623,2.423376623,80.791226588074,64.53805847777427,16.253168110299725
5,SKOV-3,LDH,SiO2,original,Human,Human,epithelial,ovary,Adenocarcinoma,12,14.0,154.85,60.48,7.407407407,2.926666667,-1.2,1.1,16,60.084,2,0,0,-0.6184,2.316496581,1.224744871,0.0,-0.183116883,2.816883117,75.08058113811639,64.9469854803887,10.133595657727682
6,SKOV-3,EZ4U,TiO2,original,Human,Human,epithelial,ovary,Adenocarcinoma,12,31.25,20.3,60.48,5.369127517,2.806666667,-0.93,1.4,16,79.865,2,0,0,-0.2401,2.878049394,1.683250823,0.0,0.314285714,3.314285714,90.28352769132897,85.73343628578436,4.550091405544606
