,cell line,test,material,source,organism,cell type,morphology,tissue,disease,time (hr),concentration (ug/ml),Hydrodynamic diameter (nm),Zeta potential (mV),mcd,electronegativity,rox,radii,Valance_electron,amw,lipinskiHBA,lipinskiHBD,NumRotatableBonds,CrippenClogP,chi0v,chi1v,chi2v,hallKierAlpha,kappa1,norm_v,canc_v,Fitness
0,SKOV-3,CytoTox-Glo,Ag,original,Human,Human,epithelial,ovary,Adenocarcinoma,20,31.6,42.3,-17.015,0.0,1.93,0.7996,1.6,11,107.868,0,0,0,-0.0025,1.78376517,0.0,0.0,0.74025974,1.74025974,79.19971082764766,55.534508540445806,23.665202287201858
1,SKOV-3,CellTiterGlo,Au,original,Human,Human,epithelial,ovary,Adenocarcinoma,20,72.0,134.645,-25.2,0.0,2.54,1.692,1.35,11,196.967,0,0,0,-0.0025,2.46797672,0.0,0.0,0.74025974,1.74025974,55.87561134525153,34.64212618133409,21.233485163917436
2,SKOV-3,CytoTox-Glo,Ag,original,Human,Human,epithelial,ovary,Adenocarcinoma,20,13.0,42.3,-17.015,0.0,1.93,0.7996,1.6,11,107.868,0,0,0,-0.0025,1.78376517,0.0,0.0,0.74025974,1.74025974,89.39493962084907,70.33071562732924,19.064223993519832
3,SKOV-3,CellTiterGlo,Au,original,Human,Human,epithelial,ovary,Adenocarcinoma,48,5.62,165.3,-25.12,0.0,2.54,1.692,1.35,11,196.967,0,0,0,-0.0025,2.46797672,0.0,0.0,0.74025974,1.74025974,86.63729709681658,70.57226253035888,16.065034566457697
4,SKOV-3,WST-1,Ag,original,Human,Human,epithelial,ovary,Adenocarcinoma,9,140.5,39.7,-37.9,0.0,1.93,0.7996,1.6,11,107.868,0,0,0,-0.0025,1.78376517,0.0,0.0,0.74025974,1.74025974,88.32852237740117,72.27330556124453,16.055216816156644
5,SKOV-3,CellTiterGlo,ZrO2,original,Human,Human,epithelial,ovary,Adenocarcinoma,2,31.2,75.125,-16.05,4.651162791,2.736666667,-1.45,1.55,16,123.222,2,0,0,-0.2401,3.774536472,2.415229458,0.0,0.483116883,3.483116883,84.32745726946423,75.3044523773332,9.023004892131027
6,SKOV-3,XTT,SiO2,original,Human,Human,epithelial,ovary,Adenocarcinoma,24,180.0,93.15,60.48,7.407407407,2.926666667,-1.2,1.1,16,60.084,2,0,0,-0.6184,2.316496581,1.224744871,0.0,-0.183116883,2.816883117,70.47291645554866,61.489718789559504,8.983197665989152
7,SKOV-3,CCK-8,Al2O3,original,Human,Human,epithelial,ovary,Adenocarcinoma,20,6.25,90.0,-22.95,4.444444444,2.708,-1.663,1.25,24,101.961,3,0,0,-1.118,4.688846487,0.0,0.0,0.944935065,162.8037375,87.60865372359241,80.84672367786017,6.761930045732242
