,cell line,test,material,source,organism,cell type,morphology,tissue,disease,time (hr),concentration (ug/ml),Hydrodynamic diameter (nm),Zeta potential (mV),mcd,electronegativity,rox,radii,Valance_electron,amw,lipinskiHBA,lipinskiHBD,NumRotatableBonds,CrippenClogP,chi0v,chi1v,chi2v,hallKierAlpha,kappa1,norm_v,canc_v,Fitness
0,SKOV-3,CCK-8,Ag,original,Human,Human,epithelial,ovary,Adenocarcinoma,20,32.0,46.8,31.4,0.0,1.93,0.7996,1.6,11,107.868,0,0,0,-0.0025,1.78376517,0.0,0.0,0.74025974,1.74025974,68.17779593324914,43.477077900901804,24.70071803234734
1,SKOV-3,LDH,ZnO,original,Human,Human,epithelial,ovary,Adenocarcinoma,12,62.5,206.9,48.5,2.272727273,2.545,-0.7618,1.35,8,81.389,1,0,0,-0.1213,4.082482905,1.5,0.0,0.423376623,2.423376623,59.46289384196285,38.63960500496607,20.82328883699678
2,SKOV-3,CellTiterBlue,Pt,original,Human,Human,epithelial,ovary,Adenocarcinoma,20,360.0,150.0,54.3,0.0,2.28,1.188,1.35,10,195.078,0,0,0,-0.0025,2.588435821,0.0,0.0,0.688311688,1.688311688,59.84075777577831,39.33964076853426,20.501117007244048
3,SKOV-3,CCK-8,Au,original,Human,Human,epithelial,ovary,Adenocarcinoma,12,128.0,175.0,-12.32,0.0,2.54,1.692,1.35,11,196.967,0,0,0,-0.0025,2.46797672,0.0,0.0,0.74025974,1.74025974,58.11024396295947,42.31920357463854,15.79104038832093
4,SKOV-3,CellTiterGlo,Ag,original,Human,Human,epithelial,ovary,Adenocarcinoma,9,9.0,24.5,-5.63,0.0,1.93,0.7996,1.6,11,107.868,0,0,0,-0.0025,1.78376517,0.0,0.0,0.74025974,1.74025974,86.91393313675651,72.1526742766873,14.761258860069205
5,SKOV-3,WST-1,Au,original,Human,Human,epithelial,ovary,Adenocarcinoma,96,5.62,22.83,-31.5,0.0,2.54,1.692,1.35,11,196.967,0,0,0,-0.0025,2.46797672,0.0,0.0,0.74025974,1.74025974,68.05841627811584,53.42142644808754,14.636989830028305
6,SKOV-3,EZ4U,Pt,original,Human,Human,epithelial,ovary,Adenocarcinoma,3,56.2,400.5,-17.1,0.0,2.28,1.188,1.35,10,195.078,0,0,0,-0.0025,2.588435821,0.0,0.0,0.688311688,1.688311688,88.55543904277269,74.22503809085565,14.330400951917042
7,SKOV-3,CytoTox-Glo,Au,original,Human,Human,epithelial,ovary,Adenocarcinoma,4,35.0,94.5,46.65,0.0,2.54,1.692,1.35,11,196.967,0,0,0,-0.0025,2.46797672,0.0,0.0,0.74025974,1.74025974,67.24013883637843,53.80400073400078,13.436138102377654
8,SKOV-3,CellTiterBlue,Au,original,Human,Human,epithelial,ovary,Adenocarcinoma,48,50.0,302.75,5.66,0.0,2.54,1.692,1.35,11,196.967,0,0,0,-0.0025,2.46797672,0.0,0.0,0.74025974,1.74025974,69.34314388241738,57.719791916396865,11.623351966020515
9,SKOV-3,CCK-8,Au,original,Human,Human,epithelial,ovary,Adenocarcinoma,4,474.1,94.5,46.65,0.0,2.54,1.692,1.35,11,196.967,0,0,0,-0.0025,2.46797672,0.0,0.0,0.74025974,1.74025974,46.17886389032387,35.86928601535759,10.30957787496628
10,SKOV-3,CellTiterGlo,SiO2,original,Human,Human,epithelial,ovary,Adenocarcinoma,24,125.0,30.0,25.67,7.407407407,2.926666667,-1.2,1.1,16,60.084,2,0,0,-0.6184,2.316496581,1.224744871,0.0,-0.183116883,2.816883117,87.83112267530652,77.88389166532782,9.947231009978694
11,SKOV-3,Live/Dead,SiO2,original,Human,Human,epithelial,ovary,Adenocarcinoma,3,64.0,81.8,-8.72,7.407407407,2.926666667,-1.2,1.1,16,60.084,2,0,0,-0.6184,2.316496581,1.224744871,0.0,-0.183116883,2.816883117,97.28656953822991,92.29926560894238,4.987303929287535
12,SKOV-3,EZ4U,Ag,original,Human,Human,epithelial,ovary,Adenocarcinoma,3,56.2,400.5,-5.63,0.0,1.93,0.7996,1.6,11,107.868,0,0,0,-0.0025,1.78376517,0.0,0.0,0.74025974,1.74025974,100.41583978969608,96.44823522080354,3.96760456889254
