,cell line,test,material,source,organism,cell type,morphology,tissue,disease,time (hr),concentration (ug/ml),Hydrodynamic diameter (nm),Zeta potential (mV),mcd,electronegativity,rox,radii,Valance_electron,amw,lipinskiHBA,lipinskiHBD,NumRotatableBonds,CrippenClogP,chi0v,chi1v,chi2v,hallKierAlpha,kappa1,norm_v,canc_v,Fitness
0,SKOV-3,CytoTox-Glo,Ag,original,Human,Human,epithelial,ovary,Adenocarcinoma,24,7.2,39.2,-17.1,0.0,1.93,0.7996,1.6,11,107.868,0,0,0,-0.0025,1.78376517,0.0,0.0,0.74025974,1.74025974,94.66189980243018,65.72364473541244,28.93825506701775
1,SKOV-3,WST-1,ZnO,original,Human,Human,epithelial,ovary,Adenocarcinoma,48,30.6,47.9,-8.7,2.272727273,2.545,-0.7618,1.35,8,81.389,1,0,0,-0.1213,4.082482905,1.5,0.0,0.423376623,2.423376623,48.25869373414538,26.843179010607102,21.41551472353828
2,SKOV-3,MTT,Ag,original,Human,Human,epithelial,ovary,Adenocarcinoma,24,5.46,214.25,-6.38,0.0,1.93,0.7996,1.6,11,107.868,0,0,0,-0.0025,1.78376517,0.0,0.0,0.74025974,1.74025974,79.50532710352967,59.7221931044328,19.78313399909687
3,SKOV-3,WST-1,Au,original,Human,Human,epithelial,ovary,Adenocarcinoma,20,7.8,47.3,-5.95,0.0,2.54,1.692,1.35,11,196.967,0,0,0,-0.0025,2.46797672,0.0,0.0,0.74025974,1.74025974,90.70245563434557,71.31462821604853,19.387827418297036
4,SKOV-3,NRU,Au,original,Human,Human,epithelial,ovary,Adenocarcinoma,24,62.5,42.25,71.7,0.0,2.54,1.692,1.35,11,196.967,0,0,0,-0.0025,2.46797672,0.0,0.0,0.74025974,1.74025974,41.47165560113105,27.98833040851083,13.483325192620217
5,SKOV-3,CellTiterBlue,Ag,original,Human,Human,epithelial,ovary,Adenocarcinoma,3,5.46,24.5,8.67,0.0,1.93,0.7996,1.6,11,107.868,0,0,0,-0.0025,1.78376517,0.0,0.0,0.74025974,1.74025974,94.77402047830016,81.71268125160566,13.0613392266945
6,SKOV-3,Live/Dead,SiO2,original,Human,Human,epithelial,ovary,Adenocarcinoma,3,8.0,35.0,-29.5,7.407407407,2.926666667,-1.2,1.1,16,60.084,2,0,0,-0.6184,2.316496581,1.224744871,0.0,-0.183116883,2.816883117,102.61517334133075,92.34234087952468,10.272832461806061
7,SKOV-3,WST-1,Au,original,Human,Human,epithelial,ovary,Adenocarcinoma,9,160.0,81.8,-43.7,0.0,2.54,1.692,1.35,11,196.967,0,0,0,-0.0025,2.46797672,0.0,0.0,0.74025974,1.74025974,62.58641054769402,54.2576292205113,8.328781327182725
8,SKOV-3,WST-1,SiO2,original,Human,Human,epithelial,ovary,Adenocarcinoma,9,160.0,81.8,-43.7,7.407407407,2.926666667,-1.2,1.1,16,60.084,2,0,0,-0.6184,2.316496581,1.224744871,0.0,-0.183116883,2.816883117,68.9797331833359,66.15676560675371,2.8229675765821867
