,cell line,test,material,source,organism,cell type,morphology,tissue,disease,time (hr),concentration (ug/ml),Hydrodynamic diameter (nm),Zeta potential (mV),mcd,electronegativity,rox,radii,Valance_electron,amw,lipinskiHBA,lipinskiHBD,NumRotatableBonds,CrippenClogP,chi0v,chi1v,chi2v,hallKierAlpha,kappa1,norm_v,canc_v,Fitness
0,SKOV-3,CytoTox-Glo,Ag,original,Human,Human,epithelial,ovary,Adenocarcinoma,24,7.2,42.25,-17.1,0.0,1.93,0.7996,1.6,11,107.868,0,0,0,-0.0025,1.78376517,0.0,0.0,0.74025974,1.74025974,92.43914902394839,62.19678628379202,30.242362740156366
1,SKOV-3,MTS,ZnO,original,Human,Human,epithelial,ovary,Adenocarcinoma,20,36.0,46.8,-53.9,2.272727273,2.545,-0.7618,1.35,8,81.389,1,0,0,-0.1213,4.082482905,1.5,0.0,0.423376623,2.423376623,73.932380004753,45.28227036836539,28.65010963638761
2,SKOV-3,MTS,ZnO,original,Human,Human,epithelial,ovary,Adenocarcinoma,20,36.0,46.8,-53.9,2.272727273,2.545,-0.7618,1.35,8,81.389,1,0,0,-0.1213,4.082482905,1.5,0.0,0.423376623,2.423376623,73.932380004753,45.28227036836539,28.65010963638761
3,SKOV-3,CellTiterGlo,ZnO,original,Human,Human,epithelial,ovary,Adenocarcinoma,20,7.8,47.3,-5.95,2.272727273,2.545,-0.7618,1.35,8,81.389,1,0,0,-0.1213,4.082482905,1.5,0.0,0.423376623,2.423376623,90.65286323936135,69.24443270237751,21.408430536983843
4,SKOV-3,MTT,Ag,original,Human,Human,epithelial,ovary,Adenocarcinoma,24,5.46,214.25,-6.38,0.0,1.93,0.7996,1.6,11,107.868,0,0,0,-0.0025,1.78376517,0.0,0.0,0.74025974,1.74025974,79.50532710352967,59.7221931044328,19.78313399909687
5,SKOV-3,WST-1,Au,original,Human,Human,epithelial,ovary,Adenocarcinoma,20,7.8,47.3,-5.95,0.0,2.54,1.692,1.35,11,196.967,0,0,0,-0.0025,2.46797672,0.0,0.0,0.74025974,1.74025974,90.70245563434557,71.31462821604853,19.387827418297036
6,SKOV-3,MTT,Ag,original,Human,Human,epithelial,ovary,Adenocarcinoma,20,5.46,214.25,-6.38,0.0,1.93,0.7996,1.6,11,107.868,0,0,0,-0.0025,1.78376517,0.0,0.0,0.74025974,1.74025974,87.86014526491425,70.8026630776378,17.05748218727645
7,SKOV-3,AlamarBlue,SiO2,original,Human,Human,epithelial,ovary,Adenocarcinoma,20,5.81,52.02,-38.7,7.407407407,2.926666667,-1.2,1.1,16,60.084,2,0,0,-0.6184,2.316496581,1.224744871,0.0,-0.183116883,2.816883117,84.36625216491234,78.37077822118242,5.99547394372992
8,SKOV-3,CellTiterGlo,TiO2,original,Human,Human,epithelial,ovary,Adenocarcinoma,12,180.0,162.71,10.59,5.369127517,2.806666667,-0.93,1.4,16,79.865,2,0,0,-0.2401,2.878049394,1.683250823,0.0,0.314285714,3.314285714,54.459109730610436,48.9010968611743,5.5580128694361335
9,SKOV-3,CytoTox-Glo,C,original,Human,Human,epithelial,ovary,Adenocarcinoma,72,14.0,20.0,8.73,0.0,2.55,0.0,0.7,4,12.011,0,0,0,0.08129,0.5,0.0,0.0,0.0,0.0,79.32454659584333,76.38045085516625,2.944095740677085
