,cell line,test,material,source,organism,cell type,morphology,tissue,disease,time (hr),concentration (ug/ml),Hydrodynamic diameter (nm),Zeta potential (mV),mcd,electronegativity,rox,radii,Valance_electron,amw,lipinskiHBA,lipinskiHBD,NumRotatableBonds,CrippenClogP,chi0v,chi1v,chi2v,hallKierAlpha,kappa1,norm_v,canc_v,Fitness
0,SKOV-3,CytoTox-Glo,Ag,original,Human,Human,epithelial,ovary,Adenocarcinoma,24,62.5,42.25,71.7,0.0,1.93,0.7996,1.6,11,107.868,0,0,0,-0.0025,1.78376517,0.0,0.0,0.74025974,1.74025974,74.81880102886244,48.90472161952948,25.914079409332956
1,SKOV-3,NRU,Au,original,Human,Human,epithelial,ovary,Adenocarcinoma,9,50.0,134.645,-10.75,0.0,2.54,1.692,1.35,11,196.967,0,0,0,-0.0025,2.46797672,0.0,0.0,0.74025974,1.74025974,79.92217011746094,56.71104012577154,23.211129991689397
2,SKOV-3,CellTiterGlo,Ag,original,Human,Human,epithelial,ovary,Adenocarcinoma,9,240.0,150.0,7.36,0.0,1.93,0.7996,1.6,11,107.868,0,0,0,-0.0025,1.78376517,0.0,0.0,0.74025974,1.74025974,58.96995952261128,41.178832259344915,17.791127263266368
3,SKOV-3,CellTiterGlo,MgO,original,Human,Human,epithelial,ovary,Adenocarcinoma,9,30.6,150.0,7.36,2.325581395,2.375,-2.372,1.5,8,40.304,1,0,0,-0.4996,2.529568634,0.866025404,0.0,0.566233766,2.566233766,67.24084682564283,53.44114299159397,13.799703834048863
4,SKOV-3,CCK-8,C,original,Human,Human,epithelial,ovary,Adenocarcinoma,9,43.75,16.785,19.95,0.0,2.55,0.0,0.7,4,12.011,0,0,0,0.08129,0.5,0.0,0.0,0.0,0.0,86.85466168282777,81.8351245379953,5.019537144832469
5,SKOV-3,LDH,CuO,original,Human,Human,epithelial,ovary,Adenocarcinoma,24,31.6,557.5,19.95,2.298850575,2.67,0.337,1.35,17,79.545,1,0,0,-0.1213,1.651411411,0.507519219,0.0,0.319480519,2.319480519,87.03845144646148,82.06856099610808,4.969890450353404
6,SKOV-3,CellTiterBlue,MgO,original,Human,Human,epithelial,ovary,Adenocarcinoma,48,60.0,63.6,-19.8,2.325581395,2.375,-2.372,1.5,8,40.304,1,0,0,-0.4996,2.529568634,0.866025404,0.0,0.566233766,2.566233766,52.16352029453499,49.38817355303173,2.775346741503263
7,SKOV-3,NRU,CuO,original,Human,Human,epithelial,ovary,Adenocarcinoma,3,14.0,26.0,-7.165,2.298850575,2.67,0.337,1.35,17,79.545,1,0,0,-0.1213,1.651411411,0.507519219,0.0,0.319480519,2.319480519,96.06287041590602,93.54878531852887,2.514085097377148
