,cell line,test,material,source,organism,cell type,morphology,tissue,disease,time (hr),concentration (ug/ml),Hydrodynamic diameter (nm),Zeta potential (mV),mcd,electronegativity,rox,radii,Valance_electron,amw,lipinskiHBA,lipinskiHBD,NumRotatableBonds,CrippenClogP,chi0v,chi1v,chi2v,hallKierAlpha,kappa1,norm_v,canc_v,Fitness
0,SKOV-3,CytoTox-Glo,Ag,original,Human,Human,epithelial,ovary,Adenocarcinoma,20,31.6,42.3,-17.015,0.0,1.93,0.7996,1.6,11,107.868,0,0,0,-0.0025,1.78376517,0.0,0.0,0.74025974,1.74025974,79.19971082764766,55.534508540445806,23.665202287201858
1,SKOV-3,WST-1,Ag,original,Human,Human,epithelial,ovary,Adenocarcinoma,24,13.0,19.4,26.4,0.0,1.93,0.7996,1.6,11,107.868,0,0,0,-0.0025,1.78376517,0.0,0.0,0.74025974,1.74025974,101.98015257755189,79.84799866994057,22.132153907611325
2,SKOV-3,CellTiterGlo,Au,original,Human,Human,epithelial,ovary,Adenocarcinoma,20,72.0,134.645,-25.2,0.0,2.54,1.692,1.35,11,196.967,0,0,0,-0.0025,2.46797672,0.0,0.0,0.74025974,1.74025974,55.87561134525153,34.64212618133409,21.233485163917436
3,SKOV-3,WST-1,Ca(HCO3)2,original,Human,Human,epithelial,ovary,Adenocarcinoma,24,13.0,39.2,26.4,2.193,2.678333,-2.866,1.8,48,162.11,6,2,0,-2.6054,6.4428963,1.263710176,0.0,-0.20025974,15.91523464,81.66248271563964,62.71913403265337,18.94334868298627
4,SKOV-3,CellTiterGlo,Au,original,Human,Human,epithelial,ovary,Adenocarcinoma,48,5.62,165.3,-25.12,0.0,2.54,1.692,1.35,11,196.967,0,0,0,-0.0025,2.46797672,0.0,0.0,0.74025974,1.74025974,86.63729709681658,70.57226253035888,16.065034566457697
5,SKOV-3,WST-1,Ag,original,Human,Human,epithelial,ovary,Adenocarcinoma,9,140.5,39.7,-37.9,0.0,1.93,0.7996,1.6,11,107.868,0,0,0,-0.0025,1.78376517,0.0,0.0,0.74025974,1.74025974,88.32852237740117,72.27330556124453,16.055216816156644
6,SKOV-3,XTT,Pt,original,Human,Human,epithelial,ovary,Adenocarcinoma,72,30.0,161.7,-38.95,0.0,2.28,1.188,1.35,10,195.078,0,0,0,-0.0025,2.588435821,0.0,0.0,0.688311688,1.688311688,35.073200894450416,19.8806711625854,15.192529731865015
7,SKOV-3,CVS,Ag,original,Human,Human,epithelial,ovary,Adenocarcinoma,20,9.45,16.785,20.02,0.0,1.93,0.7996,1.6,11,107.868,0,0,0,-0.0025,1.78376517,0.0,0.0,0.74025974,1.74025974,89.94550369218267,80.34868407506947,9.596819617113198
8,SKOV-3,MTT,Ag,original,Human,Human,epithelial,ovary,Adenocarcinoma,48,175.0,518.0,0.73,0.0,1.93,0.7996,1.6,11,107.868,0,0,0,-0.0025,1.78376517,0.0,0.0,0.74025974,1.74025974,80.72612422937243,71.72430464633449,9.001819583037943
