,cell line,test,material,source,organism,cell type,morphology,tissue,disease,time (hr),concentration (ug/ml),Hydrodynamic diameter (nm),Zeta potential (mV),mcd,electronegativity,rox,radii,Valance_electron,amw,lipinskiHBA,lipinskiHBD,NumRotatableBonds,CrippenClogP,chi0v,chi1v,chi2v,hallKierAlpha,kappa1,norm_v,canc_v,Fitness
0,SKOV-3,Live/Dead,ZnO,original,Human,Human,epithelial,ovary,Adenocarcinoma,24,6.25,42.25,-17.1,2.272727273,2.545,-0.7618,1.35,8,81.389,1,0,0,-0.1213,4.082482905,1.5,0.0,0.423376623,2.423376623,85.630971204967,50.674979133862095,34.9559920711049
1,SKOV-3,NRU,Ag,original,Human,Human,epithelial,ovary,Adenocarcinoma,24,6.25,42.25,-26.23,0.0,1.93,0.7996,1.6,11,107.868,0,0,0,-0.0025,1.78376517,0.0,0.0,0.74025974,1.74025974,99.15642893239186,68.04026377431047,31.116165158081387
2,SKOV-3,AlamarBlue,Au,original,Human,Human,epithelial,ovary,Adenocarcinoma,24,31.6,47.3,-5.95,0.0,2.54,1.692,1.35,11,196.967,0,0,0,-0.0025,2.46797672,0.0,0.0,0.74025974,1.74025974,59.12614315172976,31.52565248707529,27.600490664654465
3,SKOV-3,AlamarBlue,Ag,original,Human,Human,epithelial,ovary,Adenocarcinoma,6,31.6,47.3,-29.01,0.0,1.93,0.7996,1.6,11,107.868,0,0,0,-0.0025,1.78376517,0.0,0.0,0.74025974,1.74025974,78.23646297181041,53.20594226903356,25.030520702776855
4,SKOV-3,NRU,Ag,original,Human,Human,epithelial,ovary,Adenocarcinoma,4,30.0,52.51,-0.4,0.0,1.93,0.7996,1.6,11,107.868,0,0,0,-0.0025,1.78376517,0.0,0.0,0.74025974,1.74025974,77.62826493741952,55.586793504505614,22.0414714329139
5,SKOV-3,AlamarBlue,Ag,original,Human,Human,epithelial,ovary,Adenocarcinoma,6,250.0,47.3,-29.01,0.0,1.93,0.7996,1.6,11,107.868,0,0,0,-0.0025,1.78376517,0.0,0.0,0.74025974,1.74025974,66.36176113477616,49.23364311474368,17.12811802003248
6,SKOV-3,AlamarBlue,MgO,original,Human,Human,epithelial,ovary,Adenocarcinoma,48,7.8125,234.8,-15.91,2.325581395,2.375,-2.372,1.5,8,40.304,1,0,0,-0.4996,2.529568634,0.866025404,0.0,0.566233766,2.566233766,95.14176325236738,83.63472758246736,11.50703566990002
7,SKOV-3,AlamarBlue,MgO,original,Human,Human,epithelial,ovary,Adenocarcinoma,48,7.8125,234.8,-15.91,2.325581395,2.375,-2.372,1.5,8,40.304,1,0,0,-0.4996,2.529568634,0.866025404,0.0,0.566233766,2.566233766,95.14176325236738,83.63472758246736,11.50703566990002
8,SKOV-3,CellTiterBlue,SiO2,original,Human,Human,epithelial,ovary,Adenocarcinoma,6,250.0,118.935,-32.68,7.407407407,2.926666667,-1.2,1.1,16,60.084,2,0,0,-0.6184,2.316496581,1.224744871,0.0,-0.183116883,2.816883117,85.12514829678993,76.16375051044072,8.96139778634921
9,SKOV-3,CellTiterBlue,C,original,Human,Human,epithelial,ovary,Adenocarcinoma,96,300.0,61.46,-25.165,0.0,2.55,0.0,0.7,4,12.011,0,0,0,0.08129,0.5,0.0,0.0,0.0,0.0,42.613230391296085,34.35954350399326,8.253686887302827
