,cell line,test,material,source,organism,cell type,morphology,tissue,disease,time (hr),concentration (ug/ml),Hydrodynamic diameter (nm),Zeta potential (mV),mcd,electronegativity,rox,radii,Valance_electron,amw,lipinskiHBA,lipinskiHBD,NumRotatableBonds,CrippenClogP,chi0v,chi1v,chi2v,hallKierAlpha,kappa1,norm_v,canc_v,Fitness
0,SKOV-3,CytoTox-Glo,Ag,original,Human,Human,epithelial,ovary,Adenocarcinoma,24,62.5,42.25,71.7,0.0,1.93,0.7996,1.6,11,107.868,0,0,0,-0.0025,1.78376517,0.0,0.0,0.74025974,1.74025974,74.81880102886244,48.90472161952948,25.914079409332956
1,SKOV-3,NRU,Au,original,Human,Human,epithelial,ovary,Adenocarcinoma,9,50.0,134.645,-10.75,0.0,2.54,1.692,1.35,11,196.967,0,0,0,-0.0025,2.46797672,0.0,0.0,0.74025974,1.74025974,79.92217011746094,56.71104012577154,23.211129991689397
2,SKOV-3,NRU,Ag,original,Human,Human,epithelial,ovary,Adenocarcinoma,9,32.0,24.6,-29.5,0.0,1.93,0.7996,1.6,11,107.868,0,0,0,-0.0025,1.78376517,0.0,0.0,0.74025974,1.74025974,95.7377051578095,75.91356678843589,19.824138369373614
3,SKOV-3,WST-1,Au,original,Human,Human,epithelial,ovary,Adenocarcinoma,12,7.8,47.3,-5.95,0.0,2.54,1.692,1.35,11,196.967,0,0,0,-0.0025,2.46797672,0.0,0.0,0.74025974,1.74025974,91.5429285383824,71.94683614710229,19.59609239128011
4,SKOV-3,CCK-8,SiO2,original,Human,Human,epithelial,ovary,Adenocarcinoma,24,31.2,43.8,24.37,7.407407407,2.926666667,-1.2,1.1,16,60.084,2,0,0,-0.6184,2.316496581,1.224744871,0.0,-0.183116883,2.816883117,92.70549084874278,79.20975056159861,13.495740287144173
5,SKOV-3,MTS,Ag,original,Human,Human,epithelial,ovary,Adenocarcinoma,3,64.0,164.065,-6.285,0.0,1.93,0.7996,1.6,11,107.868,0,0,0,-0.0025,1.78376517,0.0,0.0,0.74025974,1.74025974,64.05005698120473,52.60446830846601,11.445588672738722
6,SKOV-3,EZ4U,Ag,original,Human,Human,epithelial,ovary,Adenocarcinoma,24,30.0,375.4,4.95,0.0,1.93,0.7996,1.6,11,107.868,0,0,0,-0.0025,1.78376517,0.0,0.0,0.74025974,1.74025974,87.10256548938874,76.94424310109031,10.15832238829843
