,cell line,test,material,source,organism,cell type,morphology,tissue,disease,time (hr),concentration (ug/ml),viability (%),Hydrodynamic diameter (nm),Zeta potential (mV),mcd,electronegativity,rox,radii,Valance_electron,amw,lipinskiHBA,lipinskiHBD,NumRotatableBonds,CrippenClogP,chi0v,chi1v,chi2v,hallKierAlpha,kappa1
0,HaCat,MTT,Ag,additional,Human,Human,keratinocyte,skin,Normal,24,25,70,8.14,6,0,1.93,0.7996,1.6,11,107.868,0,0,0,-0.0025,1.78376517,0,0,0.74025974,1.74025974
1,HaCat,MTT,Ag,additional,Human,Human,keratinocyte,skin,Normal,24,50,60,8.14,6,0,1.93,0.7996,1.6,11,107.868,0,0,0,-0.0025,1.78376517,0,0,0.74025974,1.74025974
2,HaCat,MTT,Ag,additional,Human,Human,keratinocyte,skin,Normal,24,100,22,8.14,6,0,1.93,0.7996,1.6,11,107.868,0,0,0,-0.0025,1.78376517,0,0,0.74025974,1.74025974
3,HaCat,MTT,Ag,additional,Human,Human,keratinocyte,skin,Normal,24,200,15,8.14,6,0,1.93,0.7996,1.6,11,107.868,0,0,0,-0.0025,1.78376517,0,0,0.74025974,1.74025974
4,HaCat,MTT,Ag,additional,Human,Human,keratinocyte,skin,Normal,48,25,60,8.14,6,0,1.93,0.7996,1.6,11,107.868,0,0,0,-0.0025,1.78376517,0,0,0.74025974,1.74025974
5,HaCat,MTT,Ag,additional,Human,Human,keratinocyte,skin,Normal,48,50,48,8.14,6,0,1.93,0.7996,1.6,11,107.868,0,0,0,-0.0025,1.78376517,0,0,0.74025974,1.74025974
6,HaCat,MTT,Ag,additional,Human,Human,keratinocyte,skin,Normal,48,100,20,8.14,6,0,1.93,0.7996,1.6,11,107.868,0,0,0,-0.0025,1.78376517,0,0,0.74025974,1.74025974
7,HaCat,MTT,Ag,additional,Human,Human,keratinocyte,skin,Normal,48,200,10,8.14,6,0,1.93,0.7996,1.6,11,107.868,0,0,0,-0.0025,1.78376517,0,0,0.74025974,1.74025974
8,HaCat,MTT,Ag,additional,Human,Human,keratinocyte,skin,Normal,72,25,55,8.14,6,0,1.93,0.7996,1.6,11,107.868,0,0,0,-0.0025,1.78376517,0,0,0.74025974,1.74025974
9,HaCat,MTT,Ag,additional,Human,Human,keratinocyte,skin,Normal,72,50,40,8.14,6,0,1.93,0.7996,1.6,11,107.868,0,0,0,-0.0025,1.78376517,0,0,0.74025974,1.74025974
10,HaCat,MTT,Ag,additional,Human,Human,keratinocyte,skin,Normal,72,100,18,8.14,6,0,1.93,0.7996,1.6,11,107.868,0,0,0,-0.0025,1.78376517,0,0,0.74025974,1.74025974
11,HaCat,MTT,Ag,additional,Human,Human,keratinocyte,skin,Normal,72,200,5,8.14,6,0,1.93,0.7996,1.6,11,107.868,0,0,0,-0.0025,1.78376517,0,0,0.74025974,1.74025974
136,HeLa,MTT,Ag,additional,Human,Human,epithelial,uterus,Adenocarcinoma,24,20,100,9.24,-7,0,1.93,0.7996,1.6,11,107.868,0,0,0,-0.0025,1.78376517,0,0,0.74025974,1.74025974
137,HeLa,MTT,Ag,additional,Human,Human,epithelial,uterus,Adenocarcinoma,24,40,60,9.24,-7,0,1.93,0.7996,1.6,11,107.868,0,0,0,-0.0025,1.78376517,0,0,0.74025974,1.74025974
138,HeLa,MTT,Ag,additional,Human,Human,epithelial,uterus,Adenocarcinoma,24,60,55,9.24,-7,0,1.93,0.7996,1.6,11,107.868,0,0,0,-0.0025,1.78376517,0,0,0.74025974,1.74025974
139,HeLa,MTT,Ag,additional,Human,Human,epithelial,uterus,Adenocarcinoma,24,80,20,9.24,-7,0,1.93,0.7996,1.6,11,107.868,0,0,0,-0.0025,1.78376517,0,0,0.74025974,1.74025974
140,HeLa,MTT,Ag,additional,Human,Human,epithelial,uterus,Adenocarcinoma,48,20,10,9.24,-7,0,1.93,0.7996,1.6,11,107.868,0,0,0,-0.0025,1.78376517,0,0,0.74025974,1.74025974
141,HeLa,MTT,Ag,additional,Human,Human,epithelial,uterus,Adenocarcinoma,48,40,10,9.24,-7,0,1.93,0.7996,1.6,11,107.868,0,0,0,-0.0025,1.78376517,0,0,0.74025974,1.74025974
142,HeLa,MTT,Ag,additional,Human,Human,epithelial,uterus,Adenocarcinoma,48,60,10,9.24,-7,0,1.93,0.7996,1.6,11,107.868,0,0,0,-0.0025,1.78376517,0,0,0.74025974,1.74025974
143,HeLa,MTT,Ag,additional,Human,Human,epithelial,uterus,Adenocarcinoma,48,80,10,9.24,-7,0,1.93,0.7996,1.6,11,107.868,0,0,0,-0.0025,1.78376517,0,0,0.74025974,1.74025974
144,HeLa,MTT,Ag,additional,Human,Human,epithelial,uterus,Adenocarcinoma,72,20,8,9.24,-7,0,1.93,0.7996,1.6,11,107.868,0,0,0,-0.0025,1.78376517,0,0,0.74025974,1.74025974
145,HeLa,MTT,Ag,additional,Human,Human,epithelial,uterus,Adenocarcinoma,72,40,8,9.24,-7,0,1.93,0.7996,1.6,11,107.868,0,0,0,-0.0025,1.78376517,0,0,0.74025974,1.74025974
146,HeLa,MTT,Ag,additional,Human,Human,epithelial,uterus,Adenocarcinoma,72,60,8,9.24,-7,0,1.93,0.7996,1.6,11,107.868,0,0,0,-0.0025,1.78376517,0,0,0.74025974,1.74025974
147,HeLa,MTT,Ag,additional,Human,Human,epithelial,uterus,Adenocarcinoma,72,80,8,9.24,-7,0,1.93,0.7996,1.6,11,107.868,0,0,0,-0.0025,1.78376517,0,0,0.74025974,1.74025974
215,HeLa,MTT,Au,additional,Human,Human,epithelial,uterus,Adenocarcinoma,48,0.97,114.4508671,36.2,-18.4,0,2.54,1.692,1.35,11,196.967,0,0,0,-0.0025,2.46797672,0,0,0.74025974,1.74025974
216,HeLa,MTT,Au,additional,Human,Human,epithelial,uterus,Adenocarcinoma,48,1.95,104.0462428,36.2,-18.4,0,2.54,1.692,1.35,11,196.967,0,0,0,-0.0025,2.46797672,0,0,0.74025974,1.74025974
217,HeLa,MTT,Au,additional,Human,Human,epithelial,uterus,Adenocarcinoma,48,3.9,102.8901734,36.2,-18.4,0,2.54,1.692,1.35,11,196.967,0,0,0,-0.0025,2.46797672,0,0,0.74025974,1.74025974
218,HeLa,MTT,Au,additional,Human,Human,epithelial,uterus,Adenocarcinoma,48,7.8,95.95375723,36.2,-18.4,0,2.54,1.692,1.35,11,196.967,0,0,0,-0.0025,2.46797672,0,0,0.74025974,1.74025974
219,HeLa,MTT,Au,additional,Human,Human,epithelial,uterus,Adenocarcinoma,48,15.625,94.79768786,36.2,-18.4,0,2.54,1.692,1.35,11,196.967,0,0,0,-0.0025,2.46797672,0,0,0.74025974,1.74025974
220,HeLa,MTT,Au,additional,Human,Human,epithelial,uterus,Adenocarcinoma,48,31.25,91.32947977,36.2,-18.4,0,2.54,1.692,1.35,11,196.967,0,0,0,-0.0025,2.46797672,0,0,0.74025974,1.74025974
221,HeLa,MTT,Au,additional,Human,Human,epithelial,uterus,Adenocarcinoma,48,62.5,93.06358382,36.2,-18.4,0,2.54,1.692,1.35,11,196.967,0,0,0,-0.0025,2.46797672,0,0,0.74025974,1.74025974
222,HeLa,MTT,Au,additional,Human,Human,epithelial,uterus,Adenocarcinoma,48,125,87.86127168,36.2,-18.4,0,2.54,1.692,1.35,11,196.967,0,0,0,-0.0025,2.46797672,0,0,0.74025974,1.74025974
223,HeLa,MTT,Au,additional,Human,Human,epithelial,uterus,Adenocarcinoma,48,250,40.46242775,36.2,-18.4,0,2.54,1.692,1.35,11,196.967,0,0,0,-0.0025,2.46797672,0,0,0.74025974,1.74025974
224,HeLa,MTT,Au,additional,Human,Human,epithelial,uterus,Adenocarcinoma,48,500,23.12138728,36.2,-18.4,0,2.54,1.692,1.35,11,196.967,0,0,0,-0.0025,2.46797672,0,0,0.74025974,1.74025974
225,HeLa,MTT,Au,additional,Human,Human,epithelial,uterus,Adenocarcinoma,48,1000,20.80924855,36.2,-18.4,0,2.54,1.692,1.35,11,196.967,0,0,0,-0.0025,2.46797672,0,0,0.74025974,1.74025974
288,CHO-K1,MTT,Ag,additional,hamster,Animal,epithelial,ovary,Normal,24,0.005,90,15,-11.29,0,1.93,0.7996,1.6,11,107.868,0,0,0,-0.0025,1.78376517,0,0,0.74025974,1.74025974
289,CHO-K1,MTT,Ag,additional,hamster,Animal,epithelial,ovary,Normal,24,0.01,83,15,-11.29,0,1.93,0.7996,1.6,11,107.868,0,0,0,-0.0025,1.78376517,0,0,0.74025974,1.74025974
290,CHO-K1,MTT,Ag,additional,hamster,Animal,epithelial,ovary,Normal,24,0.05,80,15,-11.29,0,1.93,0.7996,1.6,11,107.868,0,0,0,-0.0025,1.78376517,0,0,0.74025974,1.74025974
291,CHO-K1,MTT,Ag,additional,hamster,Animal,epithelial,ovary,Normal,24,0.1,86,15,-11.29,0,1.93,0.7996,1.6,11,107.868,0,0,0,-0.0025,1.78376517,0,0,0.74025974,1.74025974
292,CHO-K1,MTT,Ag,additional,hamster,Animal,epithelial,ovary,Normal,24,1,70,15,-11.29,0,1.93,0.7996,1.6,11,107.868,0,0,0,-0.0025,1.78376517,0,0,0.74025974,1.74025974
293,CHO-K1,MTT,Ag,additional,hamster,Animal,epithelial,ovary,Normal,24,5,63,15,-11.29,0,1.93,0.7996,1.6,11,107.868,0,0,0,-0.0025,1.78376517,0,0,0.74025974,1.74025974
294,CHO-K1,MTT,Ag,additional,hamster,Animal,epithelial,ovary,Normal,24,10,57,15,-11.29,0,1.93,0.7996,1.6,11,107.868,0,0,0,-0.0025,1.78376517,0,0,0.74025974,1.74025974
295,CHO-K1,MTT,Ag,additional,hamster,Animal,epithelial,ovary,Normal,24,50,43,15,-11.29,0,1.93,0.7996,1.6,11,107.868,0,0,0,-0.0025,1.78376517,0,0,0.74025974,1.74025974
296,CHO-K1,MTT,Ag,additional,hamster,Animal,epithelial,ovary,Normal,24,100,40,15,-11.29,0,1.93,0.7996,1.6,11,107.868,0,0,0,-0.0025,1.78376517,0,0,0.74025974,1.74025974
297,CHO-K1,MTT,Ag,additional,hamster,Animal,epithelial,ovary,Normal,24,250,38,15,-11.29,0,1.93,0.7996,1.6,11,107.868,0,0,0,-0.0025,1.78376517,0,0,0.74025974,1.74025974
298,CHO-K1,MTT,Ag,additional,hamster,Animal,epithelial,ovary,Normal,24,500,30,15,-11.29,0,1.93,0.7996,1.6,11,107.868,0,0,0,-0.0025,1.78376517,0,0,0.74025974,1.74025974
299,CHO-K1,MTT,Ag,additional,hamster,Animal,epithelial,ovary,Normal,24,0.005,98,19.6,-12,0,1.93,0.7996,1.6,11,107.868,0,0,0,-0.0025,1.78376517,0,0,0.74025974,1.74025974
300,CHO-K1,MTT,Ag,additional,hamster,Animal,epithelial,ovary,Normal,24,0.01,91,19.6,-12,0,1.93,0.7996,1.6,11,107.868,0,0,0,-0.0025,1.78376517,0,0,0.74025974,1.74025974
301,CHO-K1,MTT,Ag,additional,hamster,Animal,epithelial,ovary,Normal,24,0.05,88,19.6,-12,0,1.93,0.7996,1.6,11,107.868,0,0,0,-0.0025,1.78376517,0,0,0.74025974,1.74025974
302,CHO-K1,MTT,Ag,additional,hamster,Animal,epithelial,ovary,Normal,24,0.1,84,19.6,-12,0,1.93,0.7996,1.6,11,107.868,0,0,0,-0.0025,1.78376517,0,0,0.74025974,1.74025974
303,CHO-K1,MTT,Ag,additional,hamster,Animal,epithelial,ovary,Normal,24,1,80,19.6,-12,0,1.93,0.7996,1.6,11,107.868,0,0,0,-0.0025,1.78376517,0,0,0.74025974,1.74025974
304,CHO-K1,MTT,Ag,additional,hamster,Animal,epithelial,ovary,Normal,24,5,76,19.6,-12,0,1.93,0.7996,1.6,11,107.868,0,0,0,-0.0025,1.78376517,0,0,0.74025974,1.74025974
305,CHO-K1,MTT,Ag,additional,hamster,Animal,epithelial,ovary,Normal,24,10,70,19.6,-12,0,1.93,0.7996,1.6,11,107.868,0,0,0,-0.0025,1.78376517,0,0,0.74025974,1.74025974
306,CHO-K1,MTT,Ag,additional,hamster,Animal,epithelial,ovary,Normal,24,50,63,19.6,-12,0,1.93,0.7996,1.6,11,107.868,0,0,0,-0.0025,1.78376517,0,0,0.74025974,1.74025974
307,CHO-K1,MTT,Ag,additional,hamster,Animal,epithelial,ovary,Normal,24,100,57,19.6,-12,0,1.93,0.7996,1.6,11,107.868,0,0,0,-0.0025,1.78376517,0,0,0.74025974,1.74025974
308,CHO-K1,MTT,Ag,additional,hamster,Animal,epithelial,ovary,Normal,24,250,50,19.6,-12,0,1.93,0.7996,1.6,11,107.868,0,0,0,-0.0025,1.78376517,0,0,0.74025974,1.74025974
309,CHO-K1,MTT,Ag,additional,hamster,Animal,epithelial,ovary,Normal,24,500,43,19.6,-12,0,1.93,0.7996,1.6,11,107.868,0,0,0,-0.0025,1.78376517,0,0,0.74025974,1.74025974
310,CHO-K1,MTT,Ag,additional,hamster,Animal,epithelial,ovary,Normal,24,0.005,96,21.8,-24.6,0,1.93,0.7996,1.6,11,107.868,0,0,0,-0.0025,1.78376517,0,0,0.74025974,1.74025974
311,CHO-K1,MTT,Ag,additional,hamster,Animal,epithelial,ovary,Normal,24,0.01,87,21.8,-24.6,0,1.93,0.7996,1.6,11,107.868,0,0,0,-0.0025,1.78376517,0,0,0.74025974,1.74025974
312,CHO-K1,MTT,Ag,additional,hamster,Animal,epithelial,ovary,Normal,24,0.05,82,21.8,-24.6,0,1.93,0.7996,1.6,11,107.868,0,0,0,-0.0025,1.78376517,0,0,0.74025974,1.74025974
313,CHO-K1,MTT,Ag,additional,hamster,Animal,epithelial,ovary,Normal,24,0.1,78,21.8,-24.6,0,1.93,0.7996,1.6,11,107.868,0,0,0,-0.0025,1.78376517,0,0,0.74025974,1.74025974
314,CHO-K1,MTT,Ag,additional,hamster,Animal,epithelial,ovary,Normal,24,1,76,21.8,-24.6,0,1.93,0.7996,1.6,11,107.868,0,0,0,-0.0025,1.78376517,0,0,0.74025974,1.74025974
315,CHO-K1,MTT,Ag,additional,hamster,Animal,epithelial,ovary,Normal,24,5,69,21.8,-24.6,0,1.93,0.7996,1.6,11,107.868,0,0,0,-0.0025,1.78376517,0,0,0.74025974,1.74025974
316,CHO-K1,MTT,Ag,additional,hamster,Animal,epithelial,ovary,Normal,24,10,61,21.8,-24.6,0,1.93,0.7996,1.6,11,107.868,0,0,0,-0.0025,1.78376517,0,0,0.74025974,1.74025974
317,CHO-K1,MTT,Ag,additional,hamster,Animal,epithelial,ovary,Normal,24,50,59,21.8,-24.6,0,1.93,0.7996,1.6,11,107.868,0,0,0,-0.0025,1.78376517,0,0,0.74025974,1.74025974
318,CHO-K1,MTT,Ag,additional,hamster,Animal,epithelial,ovary,Normal,24,100,44,21.8,-24.6,0,1.93,0.7996,1.6,11,107.868,0,0,0,-0.0025,1.78376517,0,0,0.74025974,1.74025974
319,CHO-K1,MTT,ZnO,additional,hamster,Animal,epithelial,ovary,Normal,24,1,80,40,14.8,2.272727273,2.545,-0.7618,1.35,8,81.389,1,0,0,-0.1213,4.082482905,1.5,0,0.423376623,2.423376623
320,CHO-K1,MTT,ZnO,additional,hamster,Animal,epithelial,ovary,Normal,24,2,75,40,14.8,2.272727273,2.545,-0.7618,1.35,8,81.389,1,0,0,-0.1213,4.082482905,1.5,0,0.423376623,2.423376623
321,CHO-K1,MTT,ZnO,additional,hamster,Animal,epithelial,ovary,Normal,24,5,25,40,14.8,2.272727273,2.545,-0.7618,1.35,8,81.389,1,0,0,-0.1213,4.082482905,1.5,0,0.423376623,2.423376623
322,CHO-K1,MTT,ZnO,additional,hamster,Animal,epithelial,ovary,Normal,24,10,15,40,14.8,2.272727273,2.545,-0.7618,1.35,8,81.389,1,0,0,-0.1213,4.082482905,1.5,0,0.423376623,2.423376623
323,CHO-K1,MTT,ZnO,additional,hamster,Animal,epithelial,ovary,Normal,24,20,8,40,14.8,2.272727273,2.545,-0.7618,1.35,8,81.389,1,0,0,-0.1213,4.082482905,1.5,0,0.423376623,2.423376623
324,CHO-K1,MTT,ZnO,additional,hamster,Animal,epithelial,ovary,Normal,24,50,2,40,14.8,2.272727273,2.545,-0.7618,1.35,8,81.389,1,0,0,-0.1213,4.082482905,1.5,0,0.423376623,2.423376623
325,CHO-K1,WST-1,ZnO,additional,hamster,Animal,epithelial,ovary,Normal,24,1,80,40,14.8,2.272727273,2.545,-0.7618,1.35,8,81.389,1,0,0,-0.1213,4.082482905,1.5,0,0.423376623,2.423376623
326,CHO-K1,WST-1,ZnO,additional,hamster,Animal,epithelial,ovary,Normal,24,2,70,40,14.8,2.272727273,2.545,-0.7618,1.35,8,81.389,1,0,0,-0.1213,4.082482905,1.5,0,0.423376623,2.423376623
327,CHO-K1,WST-1,ZnO,additional,hamster,Animal,epithelial,ovary,Normal,24,5,20,40,14.8,2.272727273,2.545,-0.7618,1.35,8,81.389,1,0,0,-0.1213,4.082482905,1.5,0,0.423376623,2.423376623
328,CHO-K1,WST-1,ZnO,additional,hamster,Animal,epithelial,ovary,Normal,24,10,18,40,14.8,2.272727273,2.545,-0.7618,1.35,8,81.389,1,0,0,-0.1213,4.082482905,1.5,0,0.423376623,2.423376623
329,CHO-K1,WST-1,ZnO,additional,hamster,Animal,epithelial,ovary,Normal,24,20,15,40,14.8,2.272727273,2.545,-0.7618,1.35,8,81.389,1,0,0,-0.1213,4.082482905,1.5,0,0.423376623,2.423376623
330,CHO-K1,WST-1,ZnO,additional,hamster,Animal,epithelial,ovary,Normal,24,50,18,40,14.8,2.272727273,2.545,-0.7618,1.35,8,81.389,1,0,0,-0.1213,4.082482905,1.5,0,0.423376623,2.423376623
331,CHO-K1,WST-1,ZnO,additional,hamster,Animal,epithelial,ovary,Normal,24,100,15,40,14.8,2.272727273,2.545,-0.7618,1.35,8,81.389,1,0,0,-0.1213,4.082482905,1.5,0,0.423376623,2.423376623
350,SKOV-3,MTT,Ag,additional,Human,Human,epithelial,ovary,Adenocarcinoma,48,25,100.6451613,23.29,-25.1,0,1.93,0.7996,1.6,11,107.868,0,0,0,-0.0025,1.78376517,0,0,0.74025974,1.74025974
351,SKOV-3,MTT,Ag,additional,Human,Human,epithelial,ovary,Adenocarcinoma,48,50,73.06451613,23.29,-25.1,0,1.93,0.7996,1.6,11,107.868,0,0,0,-0.0025,1.78376517,0,0,0.74025974,1.74025974
352,SKOV-3,MTT,Ag,additional,Human,Human,epithelial,ovary,Adenocarcinoma,48,100,68.22580645,23.29,-25.1,0,1.93,0.7996,1.6,11,107.868,0,0,0,-0.0025,1.78376517,0,0,0.74025974,1.74025974
353,SKOV-3,MTT,Ag,additional,Human,Human,epithelial,ovary,Adenocarcinoma,48,200,64.35483871,23.29,-25.1,0,1.93,0.7996,1.6,11,107.868,0,0,0,-0.0025,1.78376517,0,0,0.74025974,1.74025974
354,SKOV-3,MTT,Ag,additional,Human,Human,epithelial,ovary,Adenocarcinoma,72,0.1,100.8,24.1,-14.8,0,1.93,0.7996,1.6,11,107.868,0,0,0,-0.0025,1.78376517,0,0,0.74025974,1.74025974
355,SKOV-3,MTT,Ag,additional,Human,Human,epithelial,ovary,Adenocarcinoma,72,1,99.89,24.1,-14.8,0,1.93,0.7996,1.6,11,107.868,0,0,0,-0.0025,1.78376517,0,0,0.74025974,1.74025974
356,SKOV-3,MTT,Ag,additional,Human,Human,epithelial,ovary,Adenocarcinoma,72,10,45.85,24.1,-14.8,0,1.93,0.7996,1.6,11,107.868,0,0,0,-0.0025,1.78376517,0,0,0.74025974,1.74025974
357,SKOV-3,MTT,Ag,additional,Human,Human,epithelial,ovary,Adenocarcinoma,72,20,33.82,24.1,-14.8,0,1.93,0.7996,1.6,11,107.868,0,0,0,-0.0025,1.78376517,0,0,0.74025974,1.74025974
358,SKOV-3,MTT,Ag,additional,Human,Human,epithelial,ovary,Adenocarcinoma,48,0,99.26910299,28.78,-16.9,0,1.93,0.7996,1.6,11,107.868,0,0,0,-0.0025,1.78376517,0,0,0.74025974,1.74025974
359,SKOV-3,MTT,Ag,additional,Human,Human,epithelial,ovary,Adenocarcinoma,48,25,73.75415282,28.78,-16.9,0,1.93,0.7996,1.6,11,107.868,0,0,0,-0.0025,1.78376517,0,0,0.74025974,1.74025974
360,SKOV-3,MTT,Ag,additional,Human,Human,epithelial,ovary,Adenocarcinoma,48,50,72.95681063,28.78,-16.9,0,1.93,0.7996,1.6,11,107.868,0,0,0,-0.0025,1.78376517,0,0,0.74025974,1.74025974
361,SKOV-3,MTT,Ag,additional,Human,Human,epithelial,ovary,Adenocarcinoma,48,100,64.9833887,28.78,-16.9,0,1.93,0.7996,1.6,11,107.868,0,0,0,-0.0025,1.78376517,0,0,0.74025974,1.74025974
362,SKOV-3,MTT,Ag,additional,Human,Human,epithelial,ovary,Adenocarcinoma,48,200,24.31893688,28.78,-16.9,0,1.93,0.7996,1.6,11,107.868,0,0,0,-0.0025,1.78376517,0,0,0.74025974,1.74025974
477,HepG2,XTT,Ag,additional,Human,Human,epithelial,liver,Carcinoma,12,0.1,98.97540984,80,-15.6,0,1.93,0.7996,1.6,11,107.868,0,0,0,-0.0025,1.78376517,0,0,0.74025974,1.74025974
478,HepG2,XTT,Ag,additional,Human,Human,epithelial,liver,Carcinoma,12,1,93.85245902,80,-15.6,0,1.93,0.7996,1.6,11,107.868,0,0,0,-0.0025,1.78376517,0,0,0.74025974,1.74025974
479,HepG2,XTT,Ag,additional,Human,Human,epithelial,liver,Carcinoma,12,10,84.83606557,80,-15.6,0,1.93,0.7996,1.6,11,107.868,0,0,0,-0.0025,1.78376517,0,0,0.74025974,1.74025974
480,HepG2,XTT,Ag,additional,Human,Human,epithelial,liver,Carcinoma,12,100,60.6557377,80,-15.6,0,1.93,0.7996,1.6,11,107.868,0,0,0,-0.0025,1.78376517,0,0,0.74025974,1.74025974
481,HepG2,XTT,Ag,additional,Human,Human,epithelial,liver,Carcinoma,24,0.1,90.88114754,80,-15.6,0,1.93,0.7996,1.6,11,107.868,0,0,0,-0.0025,1.78376517,0,0,0.74025974,1.74025974
482,HepG2,XTT,Ag,additional,Human,Human,epithelial,liver,Carcinoma,24,1,78.48360656,80,-15.6,0,1.93,0.7996,1.6,11,107.868,0,0,0,-0.0025,1.78376517,0,0,0.74025974,1.74025974
483,HepG2,XTT,Ag,additional,Human,Human,epithelial,liver,Carcinoma,24,10,63.93442623,80,-15.6,0,1.93,0.7996,1.6,11,107.868,0,0,0,-0.0025,1.78376517,0,0,0.74025974,1.74025974
484,HepG2,XTT,Ag,additional,Human,Human,epithelial,liver,Carcinoma,24,100,53.48360656,80,-15.6,0,1.93,0.7996,1.6,11,107.868,0,0,0,-0.0025,1.78376517,0,0,0.74025974,1.74025974
485,HepG2,XTT,Ag,additional,Human,Human,epithelial,liver,Carcinoma,48,0.1,85.55327869,80,-15.6,0,1.93,0.7996,1.6,11,107.868,0,0,0,-0.0025,1.78376517,0,0,0.74025974,1.74025974
486,HepG2,XTT,Ag,additional,Human,Human,epithelial,liver,Carcinoma,48,1,60.04098361,80,-15.6,0,1.93,0.7996,1.6,11,107.868,0,0,0,-0.0025,1.78376517,0,0,0.74025974,1.74025974
487,HepG2,XTT,Ag,additional,Human,Human,epithelial,liver,Carcinoma,48,10,31.35245902,80,-15.6,0,1.93,0.7996,1.6,11,107.868,0,0,0,-0.0025,1.78376517,0,0,0.74025974,1.74025974
488,HepG2,XTT,Ag,additional,Human,Human,epithelial,liver,Carcinoma,48,100,13.21721311,80,-15.6,0,1.93,0.7996,1.6,11,107.868,0,0,0,-0.0025,1.78376517,0,0,0.74025974,1.74025974
536,HepG2,MTT,ZnO,additional,Human,Human,epithelial,liver,Carcinoma,24,5,100.2657807,100,11,2.272727273,2.545,-0.7618,1.35,8,81.389,1,0,0,-0.1213,4.082482905,1.5,0,0.423376623,2.423376623
537,HepG2,MTT,ZnO,additional,Human,Human,epithelial,liver,Carcinoma,24,10,90.29900332,100,11,2.272727273,2.545,-0.7618,1.35,8,81.389,1,0,0,-0.1213,4.082482905,1.5,0,0.423376623,2.423376623
538,HepG2,MTT,ZnO,additional,Human,Human,epithelial,liver,Carcinoma,24,15,84.11960133,100,11,2.272727273,2.545,-0.7618,1.35,8,81.389,1,0,0,-0.1213,4.082482905,1.5,0,0.423376623,2.423376623
539,HepG2,MTT,ZnO,additional,Human,Human,epithelial,liver,Carcinoma,24,20,66.07973422,100,11,2.272727273,2.545,-0.7618,1.35,8,81.389,1,0,0,-0.1213,4.082482905,1.5,0,0.423376623,2.423376623
540,HepG2,MTT,ZnO,additional,Human,Human,epithelial,liver,Carcinoma,24,25,51.42857143,100,11,2.272727273,2.545,-0.7618,1.35,8,81.389,1,0,0,-0.1213,4.082482905,1.5,0,0.423376623,2.423376623
541,HepG2,MTT,ZnO,additional,Human,Human,epithelial,liver,Carcinoma,24,30,48.43853821,100,11,2.272727273,2.545,-0.7618,1.35,8,81.389,1,0,0,-0.1213,4.082482905,1.5,0,0.423376623,2.423376623
542,HepG2,MTT,ZnO,additional,Human,Human,epithelial,liver,Carcinoma,24,35,41.96013289,100,11,2.272727273,2.545,-0.7618,1.35,8,81.389,1,0,0,-0.1213,4.082482905,1.5,0,0.423376623,2.423376623
543,HepG2,MTT,ZnO,additional,Human,Human,epithelial,liver,Carcinoma,48,5,99.66777409,100,11,2.272727273,2.545,-0.7618,1.35,8,81.389,1,0,0,-0.1213,4.082482905,1.5,0,0.423376623,2.423376623
544,HepG2,MTT,ZnO,additional,Human,Human,epithelial,liver,Carcinoma,48,10,87.20930233,100,11,2.272727273,2.545,-0.7618,1.35,8,81.389,1,0,0,-0.1213,4.082482905,1.5,0,0.423376623,2.423376623
545,HepG2,MTT,ZnO,additional,Human,Human,epithelial,liver,Carcinoma,48,15,69.56810631,100,11,2.272727273,2.545,-0.7618,1.35,8,81.389,1,0,0,-0.1213,4.082482905,1.5,0,0.423376623,2.423376623
546,HepG2,MTT,ZnO,additional,Human,Human,epithelial,liver,Carcinoma,48,20,58.30564784,100,11,2.272727273,2.545,-0.7618,1.35,8,81.389,1,0,0,-0.1213,4.082482905,1.5,0,0.423376623,2.423376623
547,HepG2,MTT,ZnO,additional,Human,Human,epithelial,liver,Carcinoma,48,25,45.84717608,100,11,2.272727273,2.545,-0.7618,1.35,8,81.389,1,0,0,-0.1213,4.082482905,1.5,0,0.423376623,2.423376623
548,HepG2,MTT,ZnO,additional,Human,Human,epithelial,liver,Carcinoma,48,30,40.16611296,100,11,2.272727273,2.545,-0.7618,1.35,8,81.389,1,0,0,-0.1213,4.082482905,1.5,0,0.423376623,2.423376623
549,HepG2,MTT,ZnO,additional,Human,Human,epithelial,liver,Carcinoma,48,35,29.40199336,100,11,2.272727273,2.545,-0.7618,1.35,8,81.389,1,0,0,-0.1213,4.082482905,1.5,0,0.423376623,2.423376623
550,HepG2,CCK-8,ZnO,additional,Human,Human,epithelial,liver,Carcinoma,24,0,99.72222222,223,-20.4,2.272727273,2.545,-0.7618,1.35,8,81.389,1,0,0,-0.1213,4.082482905,1.5,0,0.423376623,2.423376623
551,HepG2,CCK-8,ZnO,additional,Human,Human,epithelial,liver,Carcinoma,24,2,101.3888889,223,-20.4,2.272727273,2.545,-0.7618,1.35,8,81.389,1,0,0,-0.1213,4.082482905,1.5,0,0.423376623,2.423376623
552,HepG2,CCK-8,ZnO,additional,Human,Human,epithelial,liver,Carcinoma,24,4,101.5277778,223,-20.4,2.272727273,2.545,-0.7618,1.35,8,81.389,1,0,0,-0.1213,4.082482905,1.5,0,0.423376623,2.423376623
553,HepG2,CCK-8,ZnO,additional,Human,Human,epithelial,liver,Carcinoma,24,8,97.77777778,223,-20.4,2.272727273,2.545,-0.7618,1.35,8,81.389,1,0,0,-0.1213,4.082482905,1.5,0,0.423376623,2.423376623
554,HepG2,CCK-8,ZnO,additional,Human,Human,epithelial,liver,Carcinoma,24,16,99.44444444,223,-20.4,2.272727273,2.545,-0.7618,1.35,8,81.389,1,0,0,-0.1213,4.082482905,1.5,0,0.423376623,2.423376623
555,HepG2,CCK-8,ZnO,additional,Human,Human,epithelial,liver,Carcinoma,24,32,18.44,223,-20.4,2.272727273,2.545,-0.7618,1.35,8,81.389,1,0,0,-0.1213,4.082482905,1.5,0,0.423376623,2.423376623
556,HepG2,CCK-8,ZnO,additional,Human,Human,epithelial,liver,Carcinoma,24,0,99.46853147,255,-7,2.272727273,2.545,-0.7618,1.35,8,81.389,1,0,0,-0.1213,4.082482905,1.5,0,0.423376623,2.423376623
557,HepG2,CCK-8,ZnO,additional,Human,Human,epithelial,liver,Carcinoma,24,8,95.74825175,255,-7,2.272727273,2.545,-0.7618,1.35,8,81.389,1,0,0,-0.1213,4.082482905,1.5,0,0.423376623,2.423376623
558,HepG2,CCK-8,ZnO,additional,Human,Human,epithelial,liver,Carcinoma,24,32,7.244755245,255,-7,2.272727273,2.545,-0.7618,1.35,8,81.389,1,0,0,-0.1213,4.082482905,1.5,0,0.423376623,2.423376623
559,HepG2,NRU,ZnO,additional,Human,Human,epithelial,liver,Carcinoma,24,0,99.46380697,255,-7,2.272727273,2.545,-0.7618,1.35,8,81.389,1,0,0,-0.1213,4.082482905,1.5,0,0.423376623,2.423376623
560,HepG2,NRU,ZnO,additional,Human,Human,epithelial,liver,Carcinoma,24,8,97.39946381,255,-7,2.272727273,2.545,-0.7618,1.35,8,81.389,1,0,0,-0.1213,4.082482905,1.5,0,0.423376623,2.423376623
561,HepG2,NRU,ZnO,additional,Human,Human,epithelial,liver,Carcinoma,24,32,11.07238606,255,-7,2.272727273,2.545,-0.7618,1.35,8,81.389,1,0,0,-0.1213,4.082482905,1.5,0,0.423376623,2.423376623
562,HepG2,MTT,ZnO,additional,Human,Human,epithelial,liver,Carcinoma,6,0,99.81343284,267,-12,2.272727273,2.545,-0.7618,1.35,8,81.389,1,0,0,-0.1213,4.082482905,1.5,0,0.423376623,2.423376623
563,HepG2,MTT,ZnO,additional,Human,Human,epithelial,liver,Carcinoma,12,0,99.25373134,267,-12,2.272727273,2.545,-0.7618,1.35,8,81.389,1,0,0,-0.1213,4.082482905,1.5,0,0.423376623,2.423376623
564,HepG2,MTT,ZnO,additional,Human,Human,epithelial,liver,Carcinoma,24,0,99.44029851,267,-12,2.272727273,2.545,-0.7618,1.35,8,81.389,1,0,0,-0.1213,4.082482905,1.5,0,0.423376623,2.423376623
565,HepG2,MTT,ZnO,additional,Human,Human,epithelial,liver,Carcinoma,6,0.8,97.3880597,267,-12,2.272727273,2.545,-0.7618,1.35,8,81.389,1,0,0,-0.1213,4.082482905,1.5,0,0.423376623,2.423376623
566,HepG2,MTT,ZnO,additional,Human,Human,epithelial,liver,Carcinoma,12,0.8,95.70895522,267,-12,2.272727273,2.545,-0.7618,1.35,8,81.389,1,0,0,-0.1213,4.082482905,1.5,0,0.423376623,2.423376623
567,HepG2,MTT,ZnO,additional,Human,Human,epithelial,liver,Carcinoma,24,0.8,96.26865672,267,-12,2.272727273,2.545,-0.7618,1.35,8,81.389,1,0,0,-0.1213,4.082482905,1.5,0,0.423376623,2.423376623
568,HepG2,MTT,ZnO,additional,Human,Human,epithelial,liver,Carcinoma,6,2,97.20149254,267,-12,2.272727273,2.545,-0.7618,1.35,8,81.389,1,0,0,-0.1213,4.082482905,1.5,0,0.423376623,2.423376623
569,HepG2,MTT,ZnO,additional,Human,Human,epithelial,liver,Carcinoma,12,2,101.3059701,267,-12,2.272727273,2.545,-0.7618,1.35,8,81.389,1,0,0,-0.1213,4.082482905,1.5,0,0.423376623,2.423376623
570,HepG2,MTT,ZnO,additional,Human,Human,epithelial,liver,Carcinoma,24,2,91.41791045,267,-12,2.272727273,2.545,-0.7618,1.35,8,81.389,1,0,0,-0.1213,4.082482905,1.5,0,0.423376623,2.423376623
571,HepG2,MTT,ZnO,additional,Human,Human,epithelial,liver,Carcinoma,6,8,97.76119403,267,-12,2.272727273,2.545,-0.7618,1.35,8,81.389,1,0,0,-0.1213,4.082482905,1.5,0,0.423376623,2.423376623
572,HepG2,MTT,ZnO,additional,Human,Human,epithelial,liver,Carcinoma,12,8,98.69402985,267,-12,2.272727273,2.545,-0.7618,1.35,8,81.389,1,0,0,-0.1213,4.082482905,1.5,0,0.423376623,2.423376623
573,HepG2,MTT,ZnO,additional,Human,Human,epithelial,liver,Carcinoma,24,8,93.47014925,267,-12,2.272727273,2.545,-0.7618,1.35,8,81.389,1,0,0,-0.1213,4.082482905,1.5,0,0.423376623,2.423376623
574,HepG2,MTT,ZnO,additional,Human,Human,epithelial,liver,Carcinoma,6,14,94.7761194,267,-12,2.272727273,2.545,-0.7618,1.35,8,81.389,1,0,0,-0.1213,4.082482905,1.5,0,0.423376623,2.423376623
575,HepG2,MTT,ZnO,additional,Human,Human,epithelial,liver,Carcinoma,12,14,80.03731343,267,-12,2.272727273,2.545,-0.7618,1.35,8,81.389,1,0,0,-0.1213,4.082482905,1.5,0,0.423376623,2.423376623
576,HepG2,MTT,ZnO,additional,Human,Human,epithelial,liver,Carcinoma,24,14,52.6119403,267,-12,2.272727273,2.545,-0.7618,1.35,8,81.389,1,0,0,-0.1213,4.082482905,1.5,0,0.423376623,2.423376623
577,HepG2,MTT,ZnO,additional,Human,Human,epithelial,liver,Carcinoma,6,20,94.21641791,267,-12,2.272727273,2.545,-0.7618,1.35,8,81.389,1,0,0,-0.1213,4.082482905,1.5,0,0.423376623,2.423376623
578,HepG2,MTT,ZnO,additional,Human,Human,epithelial,liver,Carcinoma,12,20,74.25373134,267,-12,2.272727273,2.545,-0.7618,1.35,8,81.389,1,0,0,-0.1213,4.082482905,1.5,0,0.423376623,2.423376623
579,HepG2,MTT,ZnO,additional,Human,Human,epithelial,liver,Carcinoma,24,20,42.7238806,267,-12,2.272727273,2.545,-0.7618,1.35,8,81.389,1,0,0,-0.1213,4.082482905,1.5,0,0.423376623,2.423376623
580,HepG2,NRU,ZnO,additional,Human,Human,epithelial,liver,Carcinoma,6,0,99.06716418,267,-12,2.272727273,2.545,-0.7618,1.35,8,81.389,1,0,0,-0.1213,4.082482905,1.5,0,0.423376623,2.423376623
581,HepG2,NRU,ZnO,additional,Human,Human,epithelial,liver,Carcinoma,12,0,98.69402985,267,-12,2.272727273,2.545,-0.7618,1.35,8,81.389,1,0,0,-0.1213,4.082482905,1.5,0,0.423376623,2.423376623
582,HepG2,NRU,ZnO,additional,Human,Human,epithelial,liver,Carcinoma,24,0,98.88059701,267,-12,2.272727273,2.545,-0.7618,1.35,8,81.389,1,0,0,-0.1213,4.082482905,1.5,0,0.423376623,2.423376623
583,HepG2,NRU,ZnO,additional,Human,Human,epithelial,liver,Carcinoma,6,0.8,96.26865672,267,-12,2.272727273,2.545,-0.7618,1.35,8,81.389,1,0,0,-0.1213,4.082482905,1.5,0,0.423376623,2.423376623
584,HepG2,NRU,ZnO,additional,Human,Human,epithelial,liver,Carcinoma,12,0.8,101.119403,267,-12,2.272727273,2.545,-0.7618,1.35,8,81.389,1,0,0,-0.1213,4.082482905,1.5,0,0.423376623,2.423376623
585,HepG2,NRU,ZnO,additional,Human,Human,epithelial,liver,Carcinoma,24,0.8,95.3358209,267,-12,2.272727273,2.545,-0.7618,1.35,8,81.389,1,0,0,-0.1213,4.082482905,1.5,0,0.423376623,2.423376623
586,HepG2,NRU,ZnO,additional,Human,Human,epithelial,liver,Carcinoma,6,2,101.119403,267,-12,2.272727273,2.545,-0.7618,1.35,8,81.389,1,0,0,-0.1213,4.082482905,1.5,0,0.423376623,2.423376623
587,HepG2,NRU,ZnO,additional,Human,Human,epithelial,liver,Carcinoma,12,2,92.35074627,267,-12,2.272727273,2.545,-0.7618,1.35,8,81.389,1,0,0,-0.1213,4.082482905,1.5,0,0.423376623,2.423376623
588,HepG2,NRU,ZnO,additional,Human,Human,epithelial,liver,Carcinoma,24,2,101.3059701,267,-12,2.272727273,2.545,-0.7618,1.35,8,81.389,1,0,0,-0.1213,4.082482905,1.5,0,0.423376623,2.423376623
589,HepG2,NRU,ZnO,additional,Human,Human,epithelial,liver,Carcinoma,6,8,97.94776119,267,-12,2.272727273,2.545,-0.7618,1.35,8,81.389,1,0,0,-0.1213,4.082482905,1.5,0,0.423376623,2.423376623
590,HepG2,NRU,ZnO,additional,Human,Human,epithelial,liver,Carcinoma,12,8,100.9328358,267,-12,2.272727273,2.545,-0.7618,1.35,8,81.389,1,0,0,-0.1213,4.082482905,1.5,0,0.423376623,2.423376623
591,HepG2,NRU,ZnO,additional,Human,Human,epithelial,liver,Carcinoma,24,8,98.13432836,267,-12,2.272727273,2.545,-0.7618,1.35,8,81.389,1,0,0,-0.1213,4.082482905,1.5,0,0.423376623,2.423376623
592,HepG2,NRU,ZnO,additional,Human,Human,epithelial,liver,Carcinoma,6,14,97.94776119,267,-12,2.272727273,2.545,-0.7618,1.35,8,81.389,1,0,0,-0.1213,4.082482905,1.5,0,0.423376623,2.423376623
593,HepG2,NRU,ZnO,additional,Human,Human,epithelial,liver,Carcinoma,12,14,81.15671642,267,-12,2.272727273,2.545,-0.7618,1.35,8,81.389,1,0,0,-0.1213,4.082482905,1.5,0,0.423376623,2.423376623
594,HepG2,NRU,ZnO,additional,Human,Human,epithelial,liver,Carcinoma,24,14,50.18656716,267,-12,2.272727273,2.545,-0.7618,1.35,8,81.389,1,0,0,-0.1213,4.082482905,1.5,0,0.423376623,2.423376623
595,HepG2,NRU,ZnO,additional,Human,Human,epithelial,liver,Carcinoma,6,20,89.36567164,267,-12,2.272727273,2.545,-0.7618,1.35,8,81.389,1,0,0,-0.1213,4.082482905,1.5,0,0.423376623,2.423376623
596,HepG2,NRU,ZnO,additional,Human,Human,epithelial,liver,Carcinoma,12,20,77.42537313,267,-12,2.272727273,2.545,-0.7618,1.35,8,81.389,1,0,0,-0.1213,4.082482905,1.5,0,0.423376623,2.423376623
597,HepG2,NRU,ZnO,additional,Human,Human,epithelial,liver,Carcinoma,24,20,28.54477612,267,-12,2.272727273,2.545,-0.7618,1.35,8,81.389,1,0,0,-0.1213,4.082482905,1.5,0,0.423376623,2.423376623
598,HepG2,CCK-8,ZnO,additional,Human,Human,epithelial,liver,Carcinoma,24,128,6.06993007,295,21,2.272727273,2.545,-0.7618,1.35,8,81.389,1,0,0,-0.1213,4.082482905,1.5,0,0.423376623,2.423376623
599,HepG2,NRU,ZnO,additional,Human,Human,epithelial,liver,Carcinoma,24,128,8.257372654,295,21,2.272727273,2.545,-0.7618,1.35,8,81.389,1,0,0,-0.1213,4.082482905,1.5,0,0.423376623,2.423376623
600,HepG2,CCK-8,ZnO,additional,Human,Human,epithelial,liver,Carcinoma,24,0,96.33566434,340,-35,2.272727273,2.545,-0.7618,1.35,8,81.389,1,0,0,-0.1213,4.082482905,1.5,0,0.423376623,2.423376623
601,HepG2,CCK-8,ZnO,additional,Human,Human,epithelial,liver,Carcinoma,24,8,94.37762238,340,-35,2.272727273,2.545,-0.7618,1.35,8,81.389,1,0,0,-0.1213,4.082482905,1.5,0,0.423376623,2.423376623
602,HepG2,CCK-8,ZnO,additional,Human,Human,epithelial,liver,Carcinoma,24,32,6.853146853,340,-35,2.272727273,2.545,-0.7618,1.35,8,81.389,1,0,0,-0.1213,4.082482905,1.5,0,0.423376623,2.423376623
603,HepG2,NRU,ZnO,additional,Human,Human,epithelial,liver,Carcinoma,24,0,103.0294906,340,-35,2.272727273,2.545,-0.7618,1.35,8,81.389,1,0,0,-0.1213,4.082482905,1.5,0,0.423376623,2.423376623
604,HepG2,NRU,ZnO,additional,Human,Human,epithelial,liver,Carcinoma,24,8,100.4021448,340,-35,2.272727273,2.545,-0.7618,1.35,8,81.389,1,0,0,-0.1213,4.082482905,1.5,0,0.423376623,2.423376623
605,HepG2,NRU,ZnO,additional,Human,Human,epithelial,liver,Carcinoma,24,32,11.07238606,340,-35,2.272727273,2.545,-0.7618,1.35,8,81.389,1,0,0,-0.1213,4.082482905,1.5,0,0.423376623,2.423376623
606,HepG2,Live/Dead,ZnO,additional,Human,Human,epithelial,liver,Carcinoma,24,0,99.82636148,364,16.3,2.272727273,2.545,-0.7618,1.35,8,81.389,1,0,0,-0.1213,4.082482905,1.5,0,0.423376623,2.423376623
607,HepG2,Live/Dead,ZnO,additional,Human,Human,epithelial,liver,Carcinoma,24,5,99.16337806,364,16.3,2.272727273,2.545,-0.7618,1.35,8,81.389,1,0,0,-0.1213,4.082482905,1.5,0,0.423376623,2.423376623
608,HepG2,Live/Dead,ZnO,additional,Human,Human,epithelial,liver,Carcinoma,24,10,90.07103394,364,16.3,2.272727273,2.545,-0.7618,1.35,8,81.389,1,0,0,-0.1213,4.082482905,1.5,0,0.423376623,2.423376623
609,HepG2,Live/Dead,ZnO,additional,Human,Human,epithelial,liver,Carcinoma,24,20,93.38595107,364,16.3,2.272727273,2.545,-0.7618,1.35,8,81.389,1,0,0,-0.1213,4.082482905,1.5,0,0.423376623,2.423376623
610,HepG2,Live/Dead,ZnO,additional,Human,Human,epithelial,liver,Carcinoma,24,50,19.70007893,364,16.3,2.272727273,2.545,-0.7618,1.35,8,81.389,1,0,0,-0.1213,4.082482905,1.5,0,0.423376623,2.423376623
611,HepG2,Live/Dead,ZnO,additional,Human,Human,epithelial,liver,Carcinoma,24,100,13.7332281,364,16.3,2.272727273,2.545,-0.7618,1.35,8,81.389,1,0,0,-0.1213,4.082482905,1.5,0,0.423376623,2.423376623
612,HepG2,Live/Dead,ZnO,additional,Human,Human,epithelial,liver,Carcinoma,24,0,100.2052092,409,-13.1,2.272727273,2.545,-0.7618,1.35,8,81.389,1,0,0,-0.1213,4.082482905,1.5,0,0.423376623,2.423376623
613,HepG2,Live/Dead,ZnO,additional,Human,Human,epithelial,liver,Carcinoma,24,5,94.71191792,409,-13.1,2.272727273,2.545,-0.7618,1.35,8,81.389,1,0,0,-0.1213,4.082482905,1.5,0,0.423376623,2.423376623
614,HepG2,Live/Dead,ZnO,additional,Human,Human,epithelial,liver,Carcinoma,24,10,94.33307024,409,-13.1,2.272727273,2.545,-0.7618,1.35,8,81.389,1,0,0,-0.1213,4.082482905,1.5,0,0.423376623,2.423376623
615,HepG2,Live/Dead,ZnO,additional,Human,Human,epithelial,liver,Carcinoma,24,20,94.617206,409,-13.1,2.272727273,2.545,-0.7618,1.35,8,81.389,1,0,0,-0.1213,4.082482905,1.5,0,0.423376623,2.423376623
616,HepG2,Live/Dead,ZnO,additional,Human,Human,epithelial,liver,Carcinoma,24,50,84.5777427,409,-13.1,2.272727273,2.545,-0.7618,1.35,8,81.389,1,0,0,-0.1213,4.082482905,1.5,0,0.423376623,2.423376623
617,HepG2,Live/Dead,ZnO,additional,Human,Human,epithelial,liver,Carcinoma,24,100,84.00947119,409,-13.1,2.272727273,2.545,-0.7618,1.35,8,81.389,1,0,0,-0.1213,4.082482905,1.5,0,0.423376623,2.423376623
815,MCF-7,XTT,Ag,additional,Human,Human,epithelial,breast,Adenocarcinoma,12,0.1,90.61181435,80,-15.6,0,1.93,0.7996,1.6,11,107.868,0,0,0,-0.0025,1.78376517,0,0,0.74025974,1.74025974
816,MCF-7,XTT,Ag,additional,Human,Human,epithelial,breast,Adenocarcinoma,12,1,78.69198312,80,-15.6,0,1.93,0.7996,1.6,11,107.868,0,0,0,-0.0025,1.78376517,0,0,0.74025974,1.74025974
817,MCF-7,XTT,Ag,additional,Human,Human,epithelial,breast,Adenocarcinoma,12,10,75.21097046,80,-15.6,0,1.93,0.7996,1.6,11,107.868,0,0,0,-0.0025,1.78376517,0,0,0.74025974,1.74025974
818,MCF-7,XTT,Ag,additional,Human,Human,epithelial,breast,Adenocarcinoma,12,100,66.87763713,80,-15.6,0,1.93,0.7996,1.6,11,107.868,0,0,0,-0.0025,1.78376517,0,0,0.74025974,1.74025974
819,MCF-7,XTT,Ag,additional,Human,Human,epithelial,breast,Adenocarcinoma,24,0.1,85.65400844,80,-15.6,0,1.93,0.7996,1.6,11,107.868,0,0,0,-0.0025,1.78376517,0,0,0.74025974,1.74025974
820,MCF-7,XTT,Ag,additional,Human,Human,epithelial,breast,Adenocarcinoma,24,1,77.84810127,80,-15.6,0,1.93,0.7996,1.6,11,107.868,0,0,0,-0.0025,1.78376517,0,0,0.74025974,1.74025974
821,MCF-7,XTT,Ag,additional,Human,Human,epithelial,breast,Adenocarcinoma,24,10,60.97046414,80,-15.6,0,1.93,0.7996,1.6,11,107.868,0,0,0,-0.0025,1.78376517,0,0,0.74025974,1.74025974
822,MCF-7,XTT,Ag,additional,Human,Human,epithelial,breast,Adenocarcinoma,24,100,44.93670886,80,-15.6,0,1.93,0.7996,1.6,11,107.868,0,0,0,-0.0025,1.78376517,0,0,0.74025974,1.74025974
823,MCF-7,XTT,Ag,additional,Human,Human,epithelial,breast,Adenocarcinoma,48,0.1,63.5021097,80,-15.6,0,1.93,0.7996,1.6,11,107.868,0,0,0,-0.0025,1.78376517,0,0,0.74025974,1.74025974
824,MCF-7,XTT,Ag,additional,Human,Human,epithelial,breast,Adenocarcinoma,48,1,38.92405063,80,-15.6,0,1.93,0.7996,1.6,11,107.868,0,0,0,-0.0025,1.78376517,0,0,0.74025974,1.74025974
825,MCF-7,XTT,Ag,additional,Human,Human,epithelial,breast,Adenocarcinoma,48,10,14.87341772,80,-15.6,0,1.93,0.7996,1.6,11,107.868,0,0,0,-0.0025,1.78376517,0,0,0.74025974,1.74025974
826,MCF-7,XTT,Ag,additional,Human,Human,epithelial,breast,Adenocarcinoma,48,100,1.265822785,80,-15.6,0,1.93,0.7996,1.6,11,107.868,0,0,0,-0.0025,1.78376517,0,0,0.74025974,1.74025974
845,MCF-7,MTS,Au,additional,Human,Human,epithelial,breast,Adenocarcinoma,24,0,99.66101695,36.75,-16.93,0,2.54,1.692,1.35,11,196.967,0,0,0,-0.0025,2.46797672,0,0,0.74025974,1.74025974
846,MCF-7,MTS,Au,additional,Human,Human,epithelial,breast,Adenocarcinoma,24,50,98.03389831,36.75,-16.93,0,2.54,1.692,1.35,11,196.967,0,0,0,-0.0025,2.46797672,0,0,0.74025974,1.74025974
847,MCF-7,MTS,Au,additional,Human,Human,epithelial,breast,Adenocarcinoma,24,100,93.96610169,36.75,-16.93,0,2.54,1.692,1.35,11,196.967,0,0,0,-0.0025,2.46797672,0,0,0.74025974,1.74025974
848,MCF-7,MTS,Au,additional,Human,Human,epithelial,breast,Adenocarcinoma,24,200,91.11864407,36.75,-16.93,0,2.54,1.692,1.35,11,196.967,0,0,0,-0.0025,2.46797672,0,0,0.74025974,1.74025974
849,MCF-7,MTS,Au,additional,Human,Human,epithelial,breast,Adenocarcinoma,24,400,91.52542373,36.75,-16.93,0,2.54,1.692,1.35,11,196.967,0,0,0,-0.0025,2.46797672,0,0,0.74025974,1.74025974
850,MCF-7,MTS,Au,additional,Human,Human,epithelial,breast,Adenocarcinoma,48,0,100.2033898,36.75,-16.93,0,2.54,1.692,1.35,11,196.967,0,0,0,-0.0025,2.46797672,0,0,0.74025974,1.74025974
851,MCF-7,MTS,Au,additional,Human,Human,epithelial,breast,Adenocarcinoma,48,50,98.16949153,36.75,-16.93,0,2.54,1.692,1.35,11,196.967,0,0,0,-0.0025,2.46797672,0,0,0.74025974,1.74025974
852,MCF-7,MTS,Au,additional,Human,Human,epithelial,breast,Adenocarcinoma,48,100,87.59322034,36.75,-16.93,0,2.54,1.692,1.35,11,196.967,0,0,0,-0.0025,2.46797672,0,0,0.74025974,1.74025974
853,MCF-7,MTS,Au,additional,Human,Human,epithelial,breast,Adenocarcinoma,48,200,86.77966102,36.75,-16.93,0,2.54,1.692,1.35,11,196.967,0,0,0,-0.0025,2.46797672,0,0,0.74025974,1.74025974
854,MCF-7,MTS,Au,additional,Human,Human,epithelial,breast,Adenocarcinoma,48,400,85.69491525,36.75,-16.93,0,2.54,1.692,1.35,11,196.967,0,0,0,-0.0025,2.46797672,0,0,0.74025974,1.74025974
855,MCF-7,MTS,Au,additional,Human,Human,epithelial,breast,Adenocarcinoma,72,0,100.3389831,36.75,-16.93,0,2.54,1.692,1.35,11,196.967,0,0,0,-0.0025,2.46797672,0,0,0.74025974,1.74025974
856,MCF-7,MTS,Au,additional,Human,Human,epithelial,breast,Adenocarcinoma,72,50,78.10169492,36.75,-16.93,0,2.54,1.692,1.35,11,196.967,0,0,0,-0.0025,2.46797672,0,0,0.74025974,1.74025974
857,MCF-7,MTS,Au,additional,Human,Human,epithelial,breast,Adenocarcinoma,72,100,76.47457627,36.75,-16.93,0,2.54,1.692,1.35,11,196.967,0,0,0,-0.0025,2.46797672,0,0,0.74025974,1.74025974
858,MCF-7,MTS,Au,additional,Human,Human,epithelial,breast,Adenocarcinoma,72,200,72.81355932,36.75,-16.93,0,2.54,1.692,1.35,11,196.967,0,0,0,-0.0025,2.46797672,0,0,0.74025974,1.74025974
859,MCF-7,MTS,Au,additional,Human,Human,epithelial,breast,Adenocarcinoma,72,400,70.6440678,36.75,-16.93,0,2.54,1.692,1.35,11,196.967,0,0,0,-0.0025,2.46797672,0,0,0.74025974,1.74025974
876,MCF-7,MTT,ZnO,additional,Human,Human,epithelial,breast,Adenocarcinoma,24,20,83.07692308,40,-52,2.272727273,2.545,-0.7618,1.35,8,81.389,1,0,0,-0.1213,4.082482905,1.5,0,0.423376623,2.423376623
877,MCF-7,MTT,ZnO,additional,Human,Human,epithelial,breast,Adenocarcinoma,24,40,87.33727811,40,-52,2.272727273,2.545,-0.7618,1.35,8,81.389,1,0,0,-0.1213,4.082482905,1.5,0,0.423376623,2.423376623
878,MCF-7,MTT,ZnO,additional,Human,Human,epithelial,breast,Adenocarcinoma,24,60,87.4556213,40,-52,2.272727273,2.545,-0.7618,1.35,8,81.389,1,0,0,-0.1213,4.082482905,1.5,0,0.423376623,2.423376623
879,MCF-7,MTT,ZnO,additional,Human,Human,epithelial,breast,Adenocarcinoma,24,80,88.87573964,40,-52,2.272727273,2.545,-0.7618,1.35,8,81.389,1,0,0,-0.1213,4.082482905,1.5,0,0.423376623,2.423376623
880,MCF-7,MTT,ZnO,additional,Human,Human,epithelial,breast,Adenocarcinoma,24,100,84.49704142,40,-52,2.272727273,2.545,-0.7618,1.35,8,81.389,1,0,0,-0.1213,4.082482905,1.5,0,0.423376623,2.423376623
881,MCF-7,MTT,ZnO,additional,Human,Human,epithelial,breast,Adenocarcinoma,48,20,76.44970414,40,-52,2.272727273,2.545,-0.7618,1.35,8,81.389,1,0,0,-0.1213,4.082482905,1.5,0,0.423376623,2.423376623
882,MCF-7,MTT,ZnO,additional,Human,Human,epithelial,breast,Adenocarcinoma,48,40,74.43786982,40,-52,2.272727273,2.545,-0.7618,1.35,8,81.389,1,0,0,-0.1213,4.082482905,1.5,0,0.423376623,2.423376623
883,MCF-7,MTT,ZnO,additional,Human,Human,epithelial,breast,Adenocarcinoma,48,60,72.07100592,40,-52,2.272727273,2.545,-0.7618,1.35,8,81.389,1,0,0,-0.1213,4.082482905,1.5,0,0.423376623,2.423376623
884,MCF-7,MTT,ZnO,additional,Human,Human,epithelial,breast,Adenocarcinoma,48,80,72.78106509,40,-52,2.272727273,2.545,-0.7618,1.35,8,81.389,1,0,0,-0.1213,4.082482905,1.5,0,0.423376623,2.423376623
885,MCF-7,MTT,ZnO,additional,Human,Human,epithelial,breast,Adenocarcinoma,48,100,64.9704142,40,-52,2.272727273,2.545,-0.7618,1.35,8,81.389,1,0,0,-0.1213,4.082482905,1.5,0,0.423376623,2.423376623
886,MCF-7,MTT,ZnO,additional,Human,Human,epithelial,breast,Adenocarcinoma,72,20,70.41420118,40,-52,2.272727273,2.545,-0.7618,1.35,8,81.389,1,0,0,-0.1213,4.082482905,1.5,0,0.423376623,2.423376623
887,MCF-7,MTT,ZnO,additional,Human,Human,epithelial,breast,Adenocarcinoma,72,40,68.28402367,40,-52,2.272727273,2.545,-0.7618,1.35,8,81.389,1,0,0,-0.1213,4.082482905,1.5,0,0.423376623,2.423376623
888,MCF-7,MTT,ZnO,additional,Human,Human,epithelial,breast,Adenocarcinoma,72,60,66.03550296,40,-52,2.272727273,2.545,-0.7618,1.35,8,81.389,1,0,0,-0.1213,4.082482905,1.5,0,0.423376623,2.423376623
889,MCF-7,MTT,ZnO,additional,Human,Human,epithelial,breast,Adenocarcinoma,72,80,63.66863905,40,-52,2.272727273,2.545,-0.7618,1.35,8,81.389,1,0,0,-0.1213,4.082482905,1.5,0,0.423376623,2.423376623
890,MCF-7,MTT,ZnO,additional,Human,Human,epithelial,breast,Adenocarcinoma,72,100,52.18934911,40,-52,2.272727273,2.545,-0.7618,1.35,8,81.389,1,0,0,-0.1213,4.082482905,1.5,0,0.423376623,2.423376623
998,Caco-2,MTT,Au,additional,Human,Human,epithelial,colon,Adenocarcinoma,48,0.97,108.0924855,36.2,-18.4,0,2.54,1.692,1.35,11,196.967,0,0,0,-0.0025,2.46797672,0,0,0.74025974,1.74025974
999,Caco-2,MTT,Au,additional,Human,Human,epithelial,colon,Adenocarcinoma,48,1.95,93.6416185,36.2,-18.4,0,2.54,1.692,1.35,11,196.967,0,0,0,-0.0025,2.46797672,0,0,0.74025974,1.74025974
1000,Caco-2,MTT,Au,additional,Human,Human,epithelial,colon,Adenocarcinoma,48,3.9,92.48554913,36.2,-18.4,0,2.54,1.692,1.35,11,196.967,0,0,0,-0.0025,2.46797672,0,0,0.74025974,1.74025974
1001,Caco-2,MTT,Au,additional,Human,Human,epithelial,colon,Adenocarcinoma,48,7.8,89.59537572,36.2,-18.4,0,2.54,1.692,1.35,11,196.967,0,0,0,-0.0025,2.46797672,0,0,0.74025974,1.74025974
1002,Caco-2,MTT,Au,additional,Human,Human,epithelial,colon,Adenocarcinoma,48,15.625,85.54913295,36.2,-18.4,0,2.54,1.692,1.35,11,196.967,0,0,0,-0.0025,2.46797672,0,0,0.74025974,1.74025974
1003,Caco-2,MTT,Au,additional,Human,Human,epithelial,colon,Adenocarcinoma,48,31.25,82.65895954,36.2,-18.4,0,2.54,1.692,1.35,11,196.967,0,0,0,-0.0025,2.46797672,0,0,0.74025974,1.74025974
1004,Caco-2,MTT,Au,additional,Human,Human,epithelial,colon,Adenocarcinoma,48,62.5,83.23699422,36.2,-18.4,0,2.54,1.692,1.35,11,196.967,0,0,0,-0.0025,2.46797672,0,0,0.74025974,1.74025974
1005,Caco-2,MTT,Au,additional,Human,Human,epithelial,colon,Adenocarcinoma,48,125,54.33526012,36.2,-18.4,0,2.54,1.692,1.35,11,196.967,0,0,0,-0.0025,2.46797672,0,0,0.74025974,1.74025974
1006,Caco-2,MTT,Au,additional,Human,Human,epithelial,colon,Adenocarcinoma,48,250,45.66473988,36.2,-18.4,0,2.54,1.692,1.35,11,196.967,0,0,0,-0.0025,2.46797672,0,0,0.74025974,1.74025974
1007,Caco-2,MTT,Au,additional,Human,Human,epithelial,colon,Adenocarcinoma,48,500,19.07514451,36.2,-18.4,0,2.54,1.692,1.35,11,196.967,0,0,0,-0.0025,2.46797672,0,0,0.74025974,1.74025974
1008,Caco-2,MTT,Au,additional,Human,Human,epithelial,colon,Adenocarcinoma,48,1000,17.91907514,36.2,-18.4,0,2.54,1.692,1.35,11,196.967,0,0,0,-0.0025,2.46797672,0,0,0.74025974,1.74025974
1009,Caco-2,CCK-8,ZnO,additional,Human,Human,epithelial,colon,Adenocarcinoma,24,0,99.58333333,223,-20.4,2.272727273,2.545,-0.7618,1.35,8,81.389,1,0,0,-0.1213,4.082482905,1.5,0,0.423376623,2.423376623
1010,Caco-2,CCK-8,ZnO,additional,Human,Human,epithelial,colon,Adenocarcinoma,24,2,101.6666667,223,-20.4,2.272727273,2.545,-0.7618,1.35,8,81.389,1,0,0,-0.1213,4.082482905,1.5,0,0.423376623,2.423376623
1011,Caco-2,CCK-8,ZnO,additional,Human,Human,epithelial,colon,Adenocarcinoma,24,4,101.5277778,223,-20.4,2.272727273,2.545,-0.7618,1.35,8,81.389,1,0,0,-0.1213,4.082482905,1.5,0,0.423376623,2.423376623
1012,Caco-2,CCK-8,ZnO,additional,Human,Human,epithelial,colon,Adenocarcinoma,24,8,103.0555556,223,-20.4,2.272727273,2.545,-0.7618,1.35,8,81.389,1,0,0,-0.1213,4.082482905,1.5,0,0.423376623,2.423376623
1013,Caco-2,CCK-8,ZnO,additional,Human,Human,epithelial,colon,Adenocarcinoma,24,16,102.0833333,223,-20.4,2.272727273,2.545,-0.7618,1.35,8,81.389,1,0,0,-0.1213,4.082482905,1.5,0,0.423376623,2.423376623
1014,Caco-2,CCK-8,ZnO,additional,Human,Human,epithelial,colon,Adenocarcinoma,24,32,10.77,223,-20.4,2.272727273,2.545,-0.7618,1.35,8,81.389,1,0,0,-0.1213,4.082482905,1.5,0,0.423376623,2.423376623
1015,Caco-2,CCK-8,ZnO,additional,Human,Human,epithelial,colon,Adenocarcinoma,24,0,99.27272727,255,-7,2.272727273,2.545,-0.7618,1.35,8,81.389,1,0,0,-0.1213,4.082482905,1.5,0,0.423376623,2.423376623
1016,Caco-2,CCK-8,ZnO,additional,Human,Human,epithelial,colon,Adenocarcinoma,24,8,101.6223776,255,-7,2.272727273,2.545,-0.7618,1.35,8,81.389,1,0,0,-0.1213,4.082482905,1.5,0,0.423376623,2.423376623
1017,Caco-2,CCK-8,ZnO,additional,Human,Human,epithelial,colon,Adenocarcinoma,24,32,20.95104895,255,-7,2.272727273,2.545,-0.7618,1.35,8,81.389,1,0,0,-0.1213,4.082482905,1.5,0,0.423376623,2.423376623
1018,Caco-2,NRU,ZnO,additional,Human,Human,epithelial,colon,Adenocarcinoma,24,0,99.46380697,255,-7,2.272727273,2.545,-0.7618,1.35,8,81.389,1,0,0,-0.1213,4.082482905,1.5,0,0.423376623,2.423376623
1019,Caco-2,NRU,ZnO,additional,Human,Human,epithelial,colon,Adenocarcinoma,24,8,100.4021448,255,-7,2.272727273,2.545,-0.7618,1.35,8,81.389,1,0,0,-0.1213,4.082482905,1.5,0,0.423376623,2.423376623
1020,Caco-2,NRU,ZnO,additional,Human,Human,epithelial,colon,Adenocarcinoma,24,32,43.35120643,255,-7,2.272727273,2.545,-0.7618,1.35,8,81.389,1,0,0,-0.1213,4.082482905,1.5,0,0.423376623,2.423376623
1021,Caco-2,CCK-8,ZnO,additional,Human,Human,epithelial,colon,Adenocarcinoma,24,128,8.811188811,295,21,2.272727273,2.545,-0.7618,1.35,8,81.389,1,0,0,-0.1213,4.082482905,1.5,0,0.423376623,2.423376623
1022,Caco-2,NRU,ZnO,additional,Human,Human,epithelial,colon,Adenocarcinoma,24,128,23.83378016,295,21,2.272727273,2.545,-0.7618,1.35,8,81.389,1,0,0,-0.1213,4.082482905,1.5,0,0.423376623,2.423376623
1023,Caco-2,CCK-8,ZnO,additional,Human,Human,epithelial,colon,Adenocarcinoma,24,0,98.29370629,340,-35,2.272727273,2.545,-0.7618,1.35,8,81.389,1,0,0,-0.1213,4.082482905,1.5,0,0.423376623,2.423376623
1024,Caco-2,CCK-8,ZnO,additional,Human,Human,epithelial,colon,Adenocarcinoma,24,8,95.55244755,340,-35,2.272727273,2.545,-0.7618,1.35,8,81.389,1,0,0,-0.1213,4.082482905,1.5,0,0.423376623,2.423376623
1025,Caco-2,CCK-8,ZnO,additional,Human,Human,epithelial,colon,Adenocarcinoma,24,32,18.7972028,340,-35,2.272727273,2.545,-0.7618,1.35,8,81.389,1,0,0,-0.1213,4.082482905,1.5,0,0.423376623,2.423376623
1026,Caco-2,NRU,ZnO,additional,Human,Human,epithelial,colon,Adenocarcinoma,24,0,102.0911528,340,-35,2.272727273,2.545,-0.7618,1.35,8,81.389,1,0,0,-0.1213,4.082482905,1.5,0,0.423376623,2.423376623
1027,Caco-2,NRU,ZnO,additional,Human,Human,epithelial,colon,Adenocarcinoma,24,8,109.4101877,340,-35,2.272727273,2.545,-0.7618,1.35,8,81.389,1,0,0,-0.1213,4.082482905,1.5,0,0.423376623,2.423376623
1028,Caco-2,NRU,ZnO,additional,Human,Human,epithelial,colon,Adenocarcinoma,24,32,46.54155496,340,-35,2.272727273,2.545,-0.7618,1.35,8,81.389,1,0,0,-0.1213,4.082482905,1.5,0,0.423376623,2.423376623
1274,L929,MTT,ZnO,additional,mouse,Animal,fibroblast,adipose,Normal,24,20,94.42424242,40,-52,2.272727273,2.545,-0.7618,1.35,8,81.389,1,0,0,-0.1213,4.082482905,1.5,0,0.423376623,2.423376623
1275,L929,MTT,ZnO,additional,mouse,Animal,fibroblast,adipose,Normal,24,40,93.33333333,40,-52,2.272727273,2.545,-0.7618,1.35,8,81.389,1,0,0,-0.1213,4.082482905,1.5,0,0.423376623,2.423376623
1276,L929,MTT,ZnO,additional,mouse,Animal,fibroblast,adipose,Normal,24,60,95.39393939,40,-52,2.272727273,2.545,-0.7618,1.35,8,81.389,1,0,0,-0.1213,4.082482905,1.5,0,0.423376623,2.423376623
1277,L929,MTT,ZnO,additional,mouse,Animal,fibroblast,adipose,Normal,24,80,96.12121212,40,-52,2.272727273,2.545,-0.7618,1.35,8,81.389,1,0,0,-0.1213,4.082482905,1.5,0,0.423376623,2.423376623
1278,L929,MTT,ZnO,additional,mouse,Animal,fibroblast,adipose,Normal,24,100,91.15151515,40,-52,2.272727273,2.545,-0.7618,1.35,8,81.389,1,0,0,-0.1213,4.082482905,1.5,0,0.423376623,2.423376623
1279,L929,MTT,ZnO,additional,mouse,Animal,fibroblast,adipose,Normal,48,20,90.18181818,40,-52,2.272727273,2.545,-0.7618,1.35,8,81.389,1,0,0,-0.1213,4.082482905,1.5,0,0.423376623,2.423376623
1280,L929,MTT,ZnO,additional,mouse,Animal,fibroblast,adipose,Normal,48,40,86.42424242,40,-52,2.272727273,2.545,-0.7618,1.35,8,81.389,1,0,0,-0.1213,4.082482905,1.5,0,0.423376623,2.423376623
1281,L929,MTT,ZnO,additional,mouse,Animal,fibroblast,adipose,Normal,48,60,88.24242424,40,-52,2.272727273,2.545,-0.7618,1.35,8,81.389,1,0,0,-0.1213,4.082482905,1.5,0,0.423376623,2.423376623
1282,L929,MTT,ZnO,additional,mouse,Animal,fibroblast,adipose,Normal,48,80,82.42424242,40,-52,2.272727273,2.545,-0.7618,1.35,8,81.389,1,0,0,-0.1213,4.082482905,1.5,0,0.423376623,2.423376623
1283,L929,MTT,ZnO,additional,mouse,Animal,fibroblast,adipose,Normal,48,100,82.90909091,40,-52,2.272727273,2.545,-0.7618,1.35,8,81.389,1,0,0,-0.1213,4.082482905,1.5,0,0.423376623,2.423376623
1284,L929,MTT,ZnO,additional,mouse,Animal,fibroblast,adipose,Normal,72,20,86.54545455,40,-52,2.272727273,2.545,-0.7618,1.35,8,81.389,1,0,0,-0.1213,4.082482905,1.5,0,0.423376623,2.423376623
1285,L929,MTT,ZnO,additional,mouse,Animal,fibroblast,adipose,Normal,72,40,75.27272727,40,-52,2.272727273,2.545,-0.7618,1.35,8,81.389,1,0,0,-0.1213,4.082482905,1.5,0,0.423376623,2.423376623
1286,L929,MTT,ZnO,additional,mouse,Animal,fibroblast,adipose,Normal,72,60,77.45454545,40,-52,2.272727273,2.545,-0.7618,1.35,8,81.389,1,0,0,-0.1213,4.082482905,1.5,0,0.423376623,2.423376623
1287,L929,MTT,ZnO,additional,mouse,Animal,fibroblast,adipose,Normal,72,80,76.60606061,40,-52,2.272727273,2.545,-0.7618,1.35,8,81.389,1,0,0,-0.1213,4.082482905,1.5,0,0.423376623,2.423376623
1288,L929,MTT,ZnO,additional,mouse,Animal,fibroblast,adipose,Normal,72,100,74.54545455,40,-52,2.272727273,2.545,-0.7618,1.35,8,81.389,1,0,0,-0.1213,4.082482905,1.5,0,0.423376623,2.423376623
2054,A431,MTS,Au,additional,Human,Human,epithelial,skin,Carcinoma,3,1.539609515,97.51461988,14,-30.53,0,1.93,0.7996,1.6,11,196.967,0,0,0,-0.0025,2.46797672,0,0,0.74025974,1.74025974
2055,A431,MTS,Au,additional,Human,Human,epithelial,skin,Carcinoma,3,3.188427439,97.07602339,14,-30.53,0,1.93,0.7996,1.6,11,196.967,0,0,0,-0.0025,2.46797672,0,0,0.74025974,1.74025974
2056,A431,MTS,Au,additional,Human,Human,epithelial,skin,Carcinoma,3,6.347096588,94.73684211,14,-30.53,0,1.93,0.7996,1.6,11,196.967,0,0,0,-0.0025,2.46797672,0,0,0.74025974,1.74025974
2057,A431,MTS,Au,additional,Human,Human,epithelial,skin,Carcinoma,3,12.26586386,88.59649123,14,-30.53,0,1.93,0.7996,1.6,11,196.967,0,0,0,-0.0025,2.46797672,0,0,0.74025974,1.74025974
2058,A431,MTS,Au,additional,Human,Human,epithelial,skin,Carcinoma,3,25.40177656,82.30994152,14,-30.53,0,1.93,0.7996,1.6,11,196.967,0,0,0,-0.0025,2.46797672,0,0,0.74025974,1.74025974
2059,A431,MTS,Au,additional,Human,Human,epithelial,skin,Carcinoma,3,49.7404357,76.02339181,14,-30.53,0,1.93,0.7996,1.6,11,196.967,0,0,0,-0.0025,2.46797672,0,0,0.74025974,1.74025974
2060,A431,MTS,Au,additional,Human,Human,epithelial,skin,Carcinoma,24,1.548230346,114.742268,14,-30.53,0,1.93,0.7996,1.6,11,196.967,0,0,0,-0.0025,2.46797672,0,0,0.74025974,1.74025974
2061,A431,MTS,Au,additional,Human,Human,epithelial,skin,Carcinoma,24,3.26738491,115.0515464,14,-30.53,0,1.93,0.7996,1.6,11,196.967,0,0,0,-0.0025,2.46797672,0,0,0.74025974,1.74025974
2062,A431,MTS,Au,additional,Human,Human,epithelial,skin,Carcinoma,24,6.283567402,102.6804124,14,-30.53,0,1.93,0.7996,1.6,11,196.967,0,0,0,-0.0025,2.46797672,0,0,0.74025974,1.74025974
2063,A431,MTS,Au,additional,Human,Human,epithelial,skin,Carcinoma,24,12.55031738,56.28865979,14,-30.53,0,1.93,0.7996,1.6,11,196.967,0,0,0,-0.0025,2.46797672,0,0,0.74025974,1.74025974
2064,A431,MTS,Au,additional,Human,Human,epithelial,skin,Carcinoma,24,25.0670449,22.57731959,14,-30.53,0,1.93,0.7996,1.6,11,196.967,0,0,0,-0.0025,2.46797672,0,0,0.74025974,1.74025974
2167,WISH,MTT,Au,additional,Human,Human,epithelial,uterus,Adenocarcinoma,48,15.625,113.2947977,36.2,-18.4,0,2.54,1.692,1.35,11,196.967,0,0,0,-0.0025,2.46797672,0,0,0.74025974,1.74025974
2168,WISH,MTT,Au,additional,Human,Human,epithelial,uterus,Adenocarcinoma,48,31.25,101.1560694,36.2,-18.4,0,2.54,1.692,1.35,11,196.967,0,0,0,-0.0025,2.46797672,0,0,0.74025974,1.74025974
2169,WISH,MTT,Au,additional,Human,Human,epithelial,uterus,Adenocarcinoma,48,62.5,87.28323699,36.2,-18.4,0,2.54,1.692,1.35,11,196.967,0,0,0,-0.0025,2.46797672,0,0,0.74025974,1.74025974
2170,WISH,MTT,Au,additional,Human,Human,epithelial,uterus,Adenocarcinoma,48,125,59.53757225,36.2,-18.4,0,2.54,1.692,1.35,11,196.967,0,0,0,-0.0025,2.46797672,0,0,0.74025974,1.74025974
2171,WISH,MTT,Au,additional,Human,Human,epithelial,uterus,Adenocarcinoma,48,250,20.23121387,36.2,-18.4,0,2.54,1.692,1.35,11,196.967,0,0,0,-0.0025,2.46797672,0,0,0.74025974,1.74025974
2172,WISH,MTT,Au,additional,Human,Human,epithelial,uterus,Adenocarcinoma,48,500,17.34104046,36.2,-18.4,0,2.54,1.692,1.35,11,196.967,0,0,0,-0.0025,2.46797672,0,0,0.74025974,1.74025974
2173,WISH,MTT,Au,additional,Human,Human,epithelial,uterus,Adenocarcinoma,48,1000,16.1849711,36.2,-18.4,0,2.54,1.692,1.35,11,196.967,0,0,0,-0.0025,2.46797672,0,0,0.74025974,1.74025974
2184,VERO,MTS,Au,additional,monkey,Animal,epithelial,kidney,Normal,24,0,100.6369427,36.75,-16.93,0,2.54,1.692,1.35,11,196.967,0,0,0,-0.0025,2.46797672,0,0,0.74025974,1.74025974
2185,VERO,MTS,Au,additional,monkey,Animal,epithelial,kidney,Normal,24,50,101.1464968,36.75,-16.93,0,2.54,1.692,1.35,11,196.967,0,0,0,-0.0025,2.46797672,0,0,0.74025974,1.74025974
2186,VERO,MTS,Au,additional,monkey,Animal,epithelial,kidney,Normal,24,100,98.59872611,36.75,-16.93,0,2.54,1.692,1.35,11,196.967,0,0,0,-0.0025,2.46797672,0,0,0.74025974,1.74025974
2187,VERO,MTS,Au,additional,monkey,Animal,epithelial,kidney,Normal,24,200,96.68789809,36.75,-16.93,0,2.54,1.692,1.35,11,196.967,0,0,0,-0.0025,2.46797672,0,0,0.74025974,1.74025974
2188,VERO,MTS,Au,additional,monkey,Animal,epithelial,kidney,Normal,24,400,96.17834395,36.75,-16.93,0,2.54,1.692,1.35,11,196.967,0,0,0,-0.0025,2.46797672,0,0,0.74025974,1.74025974
2189,VERO,MTS,Au,additional,monkey,Animal,epithelial,kidney,Normal,48,0,100.7643312,36.75,-16.93,0,2.54,1.692,1.35,11,196.967,0,0,0,-0.0025,2.46797672,0,0,0.74025974,1.74025974
2190,VERO,MTS,Au,additional,monkey,Animal,epithelial,kidney,Normal,48,50,96.17834395,36.75,-16.93,0,2.54,1.692,1.35,11,196.967,0,0,0,-0.0025,2.46797672,0,0,0.74025974,1.74025974
2191,VERO,MTS,Au,additional,monkey,Animal,epithelial,kidney,Normal,48,100,98.59872611,36.75,-16.93,0,2.54,1.692,1.35,11,196.967,0,0,0,-0.0025,2.46797672,0,0,0.74025974,1.74025974
2192,VERO,MTS,Au,additional,monkey,Animal,epithelial,kidney,Normal,48,200,96.30573248,36.75,-16.93,0,2.54,1.692,1.35,11,196.967,0,0,0,-0.0025,2.46797672,0,0,0.74025974,1.74025974
2193,VERO,MTS,Au,additional,monkey,Animal,epithelial,kidney,Normal,48,400,94.52229299,36.75,-16.93,0,2.54,1.692,1.35,11,196.967,0,0,0,-0.0025,2.46797672,0,0,0.74025974,1.74025974
2194,VERO,MTS,Au,additional,monkey,Animal,epithelial,kidney,Normal,72,0,100.7643312,36.75,-16.93,0,2.54,1.692,1.35,11,196.967,0,0,0,-0.0025,2.46797672,0,0,0.74025974,1.74025974
2195,VERO,MTS,Au,additional,monkey,Animal,epithelial,kidney,Normal,72,50,96.43312102,36.75,-16.93,0,2.54,1.692,1.35,11,196.967,0,0,0,-0.0025,2.46797672,0,0,0.74025974,1.74025974
2196,VERO,MTS,Au,additional,monkey,Animal,epithelial,kidney,Normal,72,100,96.43312102,36.75,-16.93,0,2.54,1.692,1.35,11,196.967,0,0,0,-0.0025,2.46797672,0,0,0.74025974,1.74025974
2197,VERO,MTS,Au,additional,monkey,Animal,epithelial,kidney,Normal,72,200,93.88535032,36.75,-16.93,0,2.54,1.692,1.35,11,196.967,0,0,0,-0.0025,2.46797672,0,0,0.74025974,1.74025974
2198,VERO,MTS,Au,additional,monkey,Animal,epithelial,kidney,Normal,72,400,90.82802548,36.75,-16.93,0,2.54,1.692,1.35,11,196.967,0,0,0,-0.0025,2.46797672,0,0,0.74025974,1.74025974
2228,HK-2,MTS,Au,additional,Human,Human,epithelial,kidney,papilloma,3,1.559549105,102.6315789,14,-30.53,0,1.93,0.7996,1.6,11,196.967,0,0,0,-0.0025,2.46797672,0,0,0.74025974,1.74025974
2229,HK-2,MTS,Au,additional,Human,Human,epithelial,kidney,papilloma,3,3.158835158,107.1710526,14,-30.53,0,1.93,0.7996,1.6,11,196.967,0,0,0,-0.0025,2.46797672,0,0,0.74025974,1.74025974
2230,HK-2,MTS,Au,additional,Human,Human,epithelial,kidney,papilloma,3,6.152130568,104.2105263,14,-30.53,0,1.93,0.7996,1.6,11,196.967,0,0,0,-0.0025,2.46797672,0,0,0.74025974,1.74025974
2231,HK-2,MTS,Au,additional,Human,Human,epithelial,kidney,papilloma,3,12.57007151,115.6578947,14,-30.53,0,1.93,0.7996,1.6,11,196.967,0,0,0,-0.0025,2.46797672,0,0,0.74025974,1.74025974
2232,HK-2,MTS,Au,additional,Human,Human,epithelial,kidney,papilloma,3,50.89992283,122.9605263,14,-30.53,0,1.93,0.7996,1.6,11,196.967,0,0,0,-0.0025,2.46797672,0,0,0.74025974,1.74025974
2233,HK-2,MTS,Au,additional,Human,Human,epithelial,kidney,papilloma,24,1.510443476,124.535809,14,-30.53,0,1.93,0.7996,1.6,11,196.967,0,0,0,-0.0025,2.46797672,0,0,0.74025974,1.74025974
2234,HK-2,MTS,Au,additional,Human,Human,epithelial,kidney,papilloma,24,3.16227766,121.1538462,14,-30.53,0,1.93,0.7996,1.6,11,196.967,0,0,0,-0.0025,2.46797672,0,0,0.74025974,1.74025974
2235,HK-2,MTS,Au,additional,Human,Human,epithelial,kidney,papilloma,24,6.15430626,78.18302387,14,-30.53,0,1.93,0.7996,1.6,11,196.967,0,0,0,-0.0025,2.46797672,0,0,0.74025974,1.74025974
2236,HK-2,MTS,Au,additional,Human,Human,epithelial,kidney,papilloma,24,12.02884367,40.58355438,14,-30.53,0,1.93,0.7996,1.6,11,196.967,0,0,0,-0.0025,2.46797672,0,0,0.74025974,1.74025974
2237,HK-2,MTS,Au,additional,Human,Human,epithelial,kidney,papilloma,24,24.54287148,5.769230769,14,-30.53,0,1.93,0.7996,1.6,11,196.967,0,0,0,-0.0025,2.46797672,0,0,0.74025974,1.74025974
16,BEAS-2B,MTT,SiO2,new,Human,Human,epithelial,lung,Normal,6,6.25,99.07692308,197.43,-57.8,7.407407407,2.926666667,-1.2,1.1,16,60.084,2,0,0,-0.6184,2.316496581,1.224744871,0,-0.183116883,2.816883117
17,BEAS-2B,MTT,SiO2,new,Human,Human,epithelial,lung,Normal,12,6.25,98.46153846,201.23,-50.5,7.407407407,2.926666667,-1.2,1.1,16,60.084,2,0,0,-0.6184,2.316496581,1.224744871,0,-0.183116883,2.816883117
18,BEAS-2B,MTT,SiO2,new,Human,Human,epithelial,lung,Normal,24,6.25,98.15384615,201.93,-54.63,7.407407407,2.926666667,-1.2,1.1,16,60.084,2,0,0,-0.6184,2.316496581,1.224744871,0,-0.183116883,2.816883117
19,BEAS-2B,MTT,SiO2,new,Human,Human,epithelial,lung,Normal,6,12.5,99.38461538,197.43,-57.8,7.407407407,2.926666667,-1.2,1.1,16,60.084,2,0,0,-0.6184,2.316496581,1.224744871,0,-0.183116883,2.816883117
20,BEAS-2B,MTT,SiO2,new,Human,Human,epithelial,lung,Normal,12,12.5,95.38461538,201.23,-50.5,7.407407407,2.926666667,-1.2,1.1,16,60.084,2,0,0,-0.6184,2.316496581,1.224744871,0,-0.183116883,2.816883117
21,BEAS-2B,MTT,SiO2,new,Human,Human,epithelial,lung,Normal,24,12.5,95.07692308,201.93,-54.63,7.407407407,2.926666667,-1.2,1.1,16,60.084,2,0,0,-0.6184,2.316496581,1.224744871,0,-0.183116883,2.816883117
22,BEAS-2B,MTT,SiO2,new,Human,Human,epithelial,lung,Normal,6,25,95.38461538,197.43,-57.8,7.407407407,2.926666667,-1.2,1.1,16,60.084,2,0,0,-0.6184,2.316496581,1.224744871,0,-0.183116883,2.816883117
23,BEAS-2B,MTT,SiO2,new,Human,Human,epithelial,lung,Normal,12,25,93.53846154,201.23,-50.5,7.407407407,2.926666667,-1.2,1.1,16,60.084,2,0,0,-0.6184,2.316496581,1.224744871,0,-0.183116883,2.816883117
24,BEAS-2B,MTT,SiO2,new,Human,Human,epithelial,lung,Normal,24,25,90.15384615,201.93,-54.63,7.407407407,2.926666667,-1.2,1.1,16,60.084,2,0,0,-0.6184,2.316496581,1.224744871,0,-0.183116883,2.816883117
25,BEAS-2B,MTT,SiO2,new,Human,Human,epithelial,lung,Normal,6,50,92.30769231,197.43,-57.8,7.407407407,2.926666667,-1.2,1.1,16,60.084,2,0,0,-0.6184,2.316496581,1.224744871,0,-0.183116883,2.816883117
26,BEAS-2B,MTT,SiO2,new,Human,Human,epithelial,lung,Normal,12,50,89.53846154,201.23,-50.5,7.407407407,2.926666667,-1.2,1.1,16,60.084,2,0,0,-0.6184,2.316496581,1.224744871,0,-0.183116883,2.816883117
27,BEAS-2B,MTT,SiO2,new,Human,Human,epithelial,lung,Normal,24,50,81.84615385,201.93,-54.63,7.407407407,2.926666667,-1.2,1.1,16,60.084,2,0,0,-0.6184,2.316496581,1.224744871,0,-0.183116883,2.816883117
28,BEAS-2B,MTT,SiO2,new,Human,Human,epithelial,lung,Normal,6,100,91.07692308,197.43,-57.8,7.407407407,2.926666667,-1.2,1.1,16,60.084,2,0,0,-0.6184,2.316496581,1.224744871,0,-0.183116883,2.816883117
29,BEAS-2B,MTT,SiO2,new,Human,Human,epithelial,lung,Normal,12,100,81.84615385,201.23,-50.5,7.407407407,2.926666667,-1.2,1.1,16,60.084,2,0,0,-0.6184,2.316496581,1.224744871,0,-0.183116883,2.816883117
30,BEAS-2B,MTT,SiO2,new,Human,Human,epithelial,lung,Normal,24,100,64,201.93,-54.63,7.407407407,2.926666667,-1.2,1.1,16,60.084,2,0,0,-0.6184,2.316496581,1.224744871,0,-0.183116883,2.816883117
31,BEAS-2B,MTT,SiO2,new,Human,Human,epithelial,lung,Normal,6,6.25,101.2779553,91.38,-32.4,7.407407407,2.926666667,-1.2,1.1,16,60.084,2,0,0,-0.6184,2.316496581,1.224744871,0,-0.183116883,2.816883117
32,BEAS-2B,MTT,SiO2,new,Human,Human,epithelial,lung,Normal,12,6.25,102.8753994,94.31,-29.6,7.407407407,2.926666667,-1.2,1.1,16,60.084,2,0,0,-0.6184,2.316496581,1.224744871,0,-0.183116883,2.816883117
33,BEAS-2B,MTT,SiO2,new,Human,Human,epithelial,lung,Normal,24,6.25,99.68051118,92.5,-31.83,7.407407407,2.926666667,-1.2,1.1,16,60.084,2,0,0,-0.6184,2.316496581,1.224744871,0,-0.183116883,2.816883117
34,BEAS-2B,MTT,SiO2,new,Human,Human,epithelial,lung,Normal,6,12.5,99.04153355,91.38,-32.4,7.407407407,2.926666667,-1.2,1.1,16,60.084,2,0,0,-0.6184,2.316496581,1.224744871,0,-0.183116883,2.816883117
35,BEAS-2B,MTT,SiO2,new,Human,Human,epithelial,lung,Normal,12,12.5,96.80511182,94.31,-29.6,7.407407407,2.926666667,-1.2,1.1,16,60.084,2,0,0,-0.6184,2.316496581,1.224744871,0,-0.183116883,2.816883117
36,BEAS-2B,MTT,SiO2,new,Human,Human,epithelial,lung,Normal,24,12.5,96.16613419,92.5,-31.83,7.407407407,2.926666667,-1.2,1.1,16,60.084,2,0,0,-0.6184,2.316496581,1.224744871,0,-0.183116883,2.816883117
37,BEAS-2B,MTT,SiO2,new,Human,Human,epithelial,lung,Normal,6,25,92.01277955,91.38,-32.4,7.407407407,2.926666667,-1.2,1.1,16,60.084,2,0,0,-0.6184,2.316496581,1.224744871,0,-0.183116883,2.816883117
38,BEAS-2B,MTT,SiO2,new,Human,Human,epithelial,lung,Normal,12,25,88.17891374,94.31,-29.6,7.407407407,2.926666667,-1.2,1.1,16,60.084,2,0,0,-0.6184,2.316496581,1.224744871,0,-0.183116883,2.816883117
39,BEAS-2B,MTT,SiO2,new,Human,Human,epithelial,lung,Normal,24,25,81.46964856,92.5,-31.83,7.407407407,2.926666667,-1.2,1.1,16,60.084,2,0,0,-0.6184,2.316496581,1.224744871,0,-0.183116883,2.816883117
40,BEAS-2B,MTT,SiO2,new,Human,Human,epithelial,lung,Normal,6,50,76.35782748,91.38,-32.4,7.407407407,2.926666667,-1.2,1.1,16,60.084,2,0,0,-0.6184,2.316496581,1.224744871,0,-0.183116883,2.816883117
41,BEAS-2B,MTT,SiO2,new,Human,Human,epithelial,lung,Normal,12,50,58.78594249,94.31,-29.6,7.407407407,2.926666667,-1.2,1.1,16,60.084,2,0,0,-0.6184,2.316496581,1.224744871,0,-0.183116883,2.816883117
42,BEAS-2B,MTT,SiO2,new,Human,Human,epithelial,lung,Normal,24,50,41.53354633,92.5,-31.83,7.407407407,2.926666667,-1.2,1.1,16,60.084,2,0,0,-0.6184,2.316496581,1.224744871,0,-0.183116883,2.816883117
43,BEAS-2B,MTT,SiO2,new,Human,Human,epithelial,lung,Normal,6,100,56.86900958,91.38,-32.4,7.407407407,2.926666667,-1.2,1.1,16,60.084,2,0,0,-0.6184,2.316496581,1.224744871,0,-0.183116883,2.816883117
44,BEAS-2B,MTT,SiO2,new,Human,Human,epithelial,lung,Normal,12,100,49.52076677,94.31,-29.6,7.407407407,2.926666667,-1.2,1.1,16,60.084,2,0,0,-0.6184,2.316496581,1.224744871,0,-0.183116883,2.816883117
45,BEAS-2B,MTT,SiO2,new,Human,Human,epithelial,lung,Normal,24,100,34.82428115,92.5,-31.83,7.407407407,2.926666667,-1.2,1.1,16,60.084,2,0,0,-0.6184,2.316496581,1.224744871,0,-0.183116883,2.816883117
46,BEAS-2B,MTT,SiO2,new,Human,Human,epithelial,lung,Normal,6,6.25,96.04863222,90.23,-36.05,7.407407407,2.926666667,-1.2,1.1,16,60.084,2,0,0,-0.6184,2.316496581,1.224744871,0,-0.183116883,2.816883117
47,BEAS-2B,MTT,SiO2,new,Human,Human,epithelial,lung,Normal,12,6.25,95.13677812,91.24,-35.17,7.407407407,2.926666667,-1.2,1.1,16,60.084,2,0,0,-0.6184,2.316496581,1.224744871,0,-0.183116883,2.816883117
48,BEAS-2B,MTT,SiO2,new,Human,Human,epithelial,lung,Normal,24,6.25,96.96048632,90.1,-31.83,7.407407407,2.926666667,-1.2,1.1,16,60.084,2,0,0,-0.6184,2.316496581,1.224744871,0,-0.183116883,2.816883117
49,BEAS-2B,MTT,SiO2,new,Human,Human,epithelial,lung,Normal,6,12.5,91.18541033,90.23,-36.05,7.407407407,2.926666667,-1.2,1.1,16,60.084,2,0,0,-0.6184,2.316496581,1.224744871,0,-0.183116883,2.816883117
50,BEAS-2B,MTT,SiO2,new,Human,Human,epithelial,lung,Normal,12,12.5,93.31306991,91.24,-35.17,7.407407407,2.926666667,-1.2,1.1,16,60.084,2,0,0,-0.6184,2.316496581,1.224744871,0,-0.183116883,2.816883117
51,BEAS-2B,MTT,SiO2,new,Human,Human,epithelial,lung,Normal,24,12.5,81.1550152,90.1,-31.83,7.407407407,2.926666667,-1.2,1.1,16,60.084,2,0,0,-0.6184,2.316496581,1.224744871,0,-0.183116883,2.816883117
52,BEAS-2B,MTT,SiO2,new,Human,Human,epithelial,lung,Normal,6,25,81.76291793,90.23,-36.05,7.407407407,2.926666667,-1.2,1.1,16,60.084,2,0,0,-0.6184,2.316496581,1.224744871,0,-0.183116883,2.816883117
53,BEAS-2B,MTT,SiO2,new,Human,Human,epithelial,lung,Normal,12,25,72.94832827,91.24,-35.17,7.407407407,2.926666667,-1.2,1.1,16,60.084,2,0,0,-0.6184,2.316496581,1.224744871,0,-0.183116883,2.816883117
54,BEAS-2B,MTT,SiO2,new,Human,Human,epithelial,lung,Normal,24,25,61.09422492,90.1,-31.83,7.407407407,2.926666667,-1.2,1.1,16,60.084,2,0,0,-0.6184,2.316496581,1.224744871,0,-0.183116883,2.816883117
55,BEAS-2B,MTT,SiO2,new,Human,Human,epithelial,lung,Normal,6,50,68.08510638,90.23,-36.05,7.407407407,2.926666667,-1.2,1.1,16,60.084,2,0,0,-0.6184,2.316496581,1.224744871,0,-0.183116883,2.816883117
56,BEAS-2B,MTT,SiO2,new,Human,Human,epithelial,lung,Normal,12,50,55.31914894,91.24,-35.17,7.407407407,2.926666667,-1.2,1.1,16,60.084,2,0,0,-0.6184,2.316496581,1.224744871,0,-0.183116883,2.816883117
57,BEAS-2B,MTT,SiO2,new,Human,Human,epithelial,lung,Normal,24,50,41.03343465,90.1,-31.83,7.407407407,2.926666667,-1.2,1.1,16,60.084,2,0,0,-0.6184,2.316496581,1.224744871,0,-0.183116883,2.816883117
58,BEAS-2B,MTT,SiO2,new,Human,Human,epithelial,lung,Normal,6,100,51.67173252,90.23,-36.05,7.407407407,2.926666667,-1.2,1.1,16,60.084,2,0,0,-0.6184,2.316496581,1.224744871,0,-0.183116883,2.816883117
59,BEAS-2B,MTT,SiO2,new,Human,Human,epithelial,lung,Normal,12,100,48.63221884,91.24,-35.17,7.407407407,2.926666667,-1.2,1.1,16,60.084,2,0,0,-0.6184,2.316496581,1.224744871,0,-0.183116883,2.816883117
60,BEAS-2B,MTT,SiO2,new,Human,Human,epithelial,lung,Normal,24,100,32.52279635,90.1,-31.83,7.407407407,2.926666667,-1.2,1.1,16,60.084,2,0,0,-0.6184,2.316496581,1.224744871,0,-0.183116883,2.816883117
